Workbook

Sheet Data Flows
A1: Site Name | G1: Data Flows
A2: Note: The naming convention for the connection names is of form [Server] to [Client], as that is the normal flow of status information. Inputs flow from the server to the client, and outputs flow from the client to the server.
A3: Connection | B3: Version | C3: Last Updated | D3: Instance Count | E3: From | F3: To | G3: Protocol | H3: Baud | I3: Client Device Name | J3: Client Port | K3: Client Address | L3: Client IP Address | M3: Server Device Name | N3: Server Port | O3: Server Address | P3: Server IP Address

Sheet PPC to RTU-1
A1: Site Name | G1: DNP3.0 | J1: PPC to RTU
A2: Last updated | C2: 45755 | D2: Device Type | E2: PPC | J2: The scalar is the multiplier to put the actual measurement value on the wire, and the divisor to take the actual measurement value off the wire.
A3: Index digits in name | C3: 4 | D3: Subsystem / Zone | E3: PPC
A6: List Index | B6: Availability | C6: Object | D6: Point Description | E6: Data Type | F6: DNP index | G6: Bit | H6: Device Point Name | I6: Alarm State | J6: On (1) State | K6: Off (0) State | L6: Units | M6: Scalar | N6: Min Count | O6: Max Count | P6: Min Value | Q6: Max Value | R6: Analog Alarm Limits | S6: Alarm Profile | T6: Historian Profile | U6: HMI Category | V6: RTAC Point Name | W6: Enumeration Table | X6: Comments
A7: 1 | B7: Avaiable | C7: Analog input | D7: Global_horizontal_irradiance_W_m2 | E7: 16-bit signed integer | F7: 18 | L7: W/m² | M7: 10 | N7: -32768 | O7: 32767 | P7: -3276.8 | Q7: 3276.7 | V7: AI_0018_Global_horizontal_irradiance_W_m2_W_per_m²
A8: 2 | B8: Avaiable | C8: Analog input | D8: Average_plant_atmospheric_pressure_bar | E8: 16-bit signed integer | F8: 19 | L8: bar | M8: 100 | N8: -32768 | O8: 32767 | P8: -327.68 | Q8: 327.67 | V8: AI_0019_Average_plant_atmospheric_pressure_bar_bar
A9: 3 | B9: Avaiable | C9: Analog input | D9: Average_plant_temperature_degC | E9: 16-bit signed integer | F9: 20 | L9: °C | M9: 100 | N9: -32768 | O9: 32767 | P9: -327.68 | Q9: 327.67 | V9: AI_0020_Average_plant_temperature_degC_°C
A10: 4 | B10: Avaiable | C10: Analog input | D10: Max_gen_limit_feedback_MW | E10: 16-bit signed integer | F10: 21 | L10: MW | M10: 100 | N10: -32768 | O10: 32767 | P10: -327.68 | Q10: 327.67 | V10: AI_0021_Max_gen_limit_feedback_MW_MW
A11: 5 | B11: Avaiable | C11: Analog input | D11: Potential_power_MW | E11: 16-bit signed integer | F11: 22 | L11: MW | M11: 100 | N11: -32768 | O11: 32767 | P11: -327.68 | Q11: 327.67 | V11: AI_0022_Potential_power_MW_MW
A12: 6 | B12: Avaiable | C12: Analog input | D12: Global_horizontal_irradiance_W_m2 | E12: 16-bit signed integer | F12: 23 | L12: W/m² | M12: 10 | N12: -32768 | O12: 32767 | P12: -3276.8 | Q12: 3276.7 | V12: AI_0023_Global_horizontal_irradiance_W_m2_W_per_m²
A13: 7 | B13: Avaiable | C13: Analog input | D13: Average_plant_atmospheric_pressure_bar | E13: 16-bit signed integer | F13: 24 | L13: bar | M13: 100 | N13: -32768 | O13: 32767 | P13: -327.68 | Q13: 327.67 | V13: AI_0024_Average_plant_atmospheric_pressure_bar_bar
A14: 8 | B14: Avaiable | C14: Analog input | D14: Average_plant_temperature_degC | E14: 16-bit signed integer | F14: 25 | L14: °C | M14: 100 | N14: -32768 | O14: 32767 | P14: -327.68 | Q14: 327.67 | V14: AI_0025_Average_plant_temperature_degC_°C
A15: 9 | B15: Avaiable | C15: Analog input | D15: Max_gen_limit_feedback_MW | E15: 16-bit signed integer | F15: 26 | L15: MW | M15: 100 | N15: -32768 | O15: 32767 | P15: -327.68 | Q15: 327.67 | V15: AI_0026_Max_gen_limit_feedback_MW_MW
A16: 10 | B16: Avaiable | C16: Analog input | D16: Potential_power_MW | E16: 16-bit signed integer | F16: 27 | L16: MW | M16: 100 | N16: -32768 | O16: 32767 | P16: -327.68 | Q16: 327.67 | V16: AI_0027_Potential_power_MW_MW
P47: =IFERROR(#REF!/#REF!,"") | Q47: =IFERROR(#REF!/#REF!,"")
P48: =IFERROR(#REF!/#REF!,"") | Q48: =IFERROR(#REF!/#REF!,"")
P49: =IFERROR(#REF!/#REF!,"") | Q49: =IFERROR(#REF!/#REF!,"")
P50: =IFERROR(#REF!/#REF!,"") | Q50: =IFERROR(#REF!/#REF!,"")
P51: =IFERROR(#REF!/#REF!,"") | Q51: =IFERROR(#REF!/#REF!,"")

Sheet Inverters to PPC - SG3600
A1: Site Name | G1: Modbus | K1: Inverters to PPC
A2: Last updated | C2: 45755 | D2: Device Type | E2: Sungrow SG3600UD | K2: The scalar is the multiplier to put the actual measurement value on the wire, and the divisor to take the actual measurement value off the wire.
A3: Index digits in name | C3: 5 | D3: Subsystem / Zone | E3: Inverters
A4: Device Register Base | C4: 1 | K4: CAUTION: Sungrow device uses multiple endian conventions on a per-register basis. Consult sungrow manual for endian convention rubric.
A5: Register Digits | C5: 6
A6: List Index | B6: Availability | C6: Modbus Table | D6: Point Description | E6: Data Type | F6: Ignition Modbus index | G6: Modbus Bit | H6: Modbus Register | I6: Device Point Name | J6: Alarm State | K6: On (1) State | L6: Off (0) State | M6: Units | N6: Scalar | O6: Min Count | P6: Max Count | Q6: Min Value | R6: Max Value | S6: Analog Alarm Limits | T6: Alarm Profile | U6: Historian Profile | V6: HMI Category | W6: RTAC Point Name | X6: Enumeration Table | Y6: Comments
A7: 1 | B7: Not Imported | C7: Input Register | D7: Protocol Number | E7: 32-bit unsigned integer | F7: 14999 | H7: 315000 | M7: unitless | O7: 0 | P7: 4294967295 | W7: IREG_14999_Protocol_Number | Y7: This point is not mapped to ignition
A8: 2 | B8: Not Imported | C8: Input Register | D8: Protocol Version | E8: 32-bit unsigned integer | F8: 15001 | H8: 315002 | M8: unitless | O8: 0 | P8: 4294967295 | W8: IREG_15001_Protocol_Version | Y8: This point is not mapped to ignition
A9: 3 | B9: Not Imported | C9: Input Register | D9: Serial Number | E9: String | F9: 15003 | H9: 315004 | W9: IREG_15003_Serial_Number | Y9: This point is not mapped to ignition
A10: 4 | B10: Not Imported | C10: Input Register | D10: Machine Type | E10: String | F10: 15011 | H10: 315012 | W10: IREG_15011_Machine_Type | Y10: This point is not mapped to ignition
A11: 5 | B11: Available | C11: Input Register | D11: U1 DC input #1 | E11: 16-bit signed integer | F11: 15029 | H11: 315030 | M11: A | N11: 10 | O11: -32768 | P11: 32767 | Q11: -3276.8 | R11: 3276.7 | W11: IREG_15029_U1_DC_input_1_A
A12: 6 | B12: Available | C12: Input Register | D12: U1 DC input #2 | E12: 16-bit signed integer | F12: 15030 | H12: 315031 | M12: A | N12: 10 | O12: -32768 | P12: 32767 | Q12: -3276.8 | R12: 3276.7 | W12: IREG_15030_U1_DC_input_2_A
A13: 7 | B13: Available | C13: Input Register | D13: U1 DC input #3 | E13: 16-bit signed integer | F13: 15031 | H13: 315032 | M13: A | N13: 10 | O13: -32768 | P13: 32767 | Q13: -3276.8 | R13: 3276.7 | W13: IREG_15031_U1_DC_input_3_A
A14: 8 | B14: Available | C14: Input Register | D14: U1 DC input #4 | E14: 16-bit signed integer | F14: 15032 | H14: 315033 | M14: A | N14: 10 | O14: -32768 | P14: 32767 | Q14: -3276.8 | R14: 3276.7 | W14: IREG_15032_U1_DC_input_4_A
A15: 9 | B15: Available | C15: Input Register | D15: U1 DC input #5 | E15: 16-bit signed integer | F15: 15033 | H15: 315034 | M15: A | N15: 10 | O15: -32768 | P15: 32767 | Q15: -3276.8 | R15: 3276.7 | W15: IREG_15033_U1_DC_input_5_A
A16: 10 | B16: Available | C16: Input Register | D16: U1 DC input #6 | E16: 16-bit signed integer | F16: 15034 | H16: 315035 | M16: A | N16: 10 | O16: -32768 | P16: 32767 | Q16: -3276.8 | R16: 3276.7 | W16: IREG_15034_U1_DC_input_6_A
A17: 11 | B17: Available | C17: Input Register | D17: U1 DC input #7 | E17: 16-bit signed integer | F17: 15035 | H17: 315036 | M17: A | N17: 10 | O17: -32768 | P17: 32767 | Q17: -3276.8 | R17: 3276.7 | W17: IREG_15035_U1_DC_input_7_A
A18: 12 | B18: Available | C18: Input Register | D18: U1 DC input #8 | E18: 16-bit signed integer | F18: 15036 | H18: 315037 | M18: A | N18: 10 | O18: -32768 | P18: 32767 | Q18: -3276.8 | R18: 3276.7 | W18: IREG_15036_U1_DC_input_8_A
A19: 13 | B19: Available | C19: Input Register | D19: U1 DC input #9 | E19: 16-bit signed integer | F19: 15037 | H19: 315038 | M19: A | N19: 10 | O19: -32768 | P19: 32767 | Q19: -3276.8 | R19: 3276.7 | W19: IREG_15037_U1_DC_input_9_A
A20: 14 | B20: Available | C20: Input Register | D20: U1 DC input #10 | E20: 16-bit signed integer | F20: 15038 | H20: 315039 | M20: A | N20: 10 | O20: -32768 | P20: 32767 | Q20: -3276.8 | R20: 3276.7 | W20: IREG_15038_U1_DC_input_10_A
A21: 15 | B21: Available | C21: Input Register | D21: U1 DC input #11 | E21: 16-bit signed integer | F21: 15039 | H21: 315040 | M21: A | N21: 10 | O21: -32768 | P21: 32767 | Q21: -3276.8 | R21: 3276.7 | W21: IREG_15039_U1_DC_input_11_A
A22: 16 | B22: Available | C22: Input Register | D22: U1 DC input #12 | E22: 16-bit signed integer | F22: 15040 | H22: 315041 | M22: A | N22: 10 | O22: -32768 | P22: 32767 | Q22: -3276.8 | R22: 3276.7 | W22: IREG_15040_U1_DC_input_12_A
... A42: 36 | B42: Available | C42: Input Register | D42: U2 DC input #16 | E42: 16-bit signed integer | F42: 15062 | H42: 315063 | M42: A | N42: 10 | O42: -32768 | P42: 32767 | Q42: -3276.8 | R42: 3276.7 | W42: IREG_15062_U2_DC_input_16_A
A43: 37 | B43: Not Imported | C43: Input Register | D43: Device Type Code | E43: 16-bit unsigned integer | F43: 15069 | H43: 315070 | M43: unitless | O43: 0 | P43: 65535 | W43: IREG_15069_Device_Type_Code | Y43: This point is not mapped to ignition
A44: 38 | B44: Not Imported | C44: Input Register | D44: Rated active power | E44: 16-bit unsigned integer | F44: 15070 | H44: 315071 | M44: kW | N44: 10 | O44: 0 | P44: 65535 | Q44: 0 | R44: 6553.5 | W44: IREG_15070_Rated_active_power_kW | Y44: This point is not mapped to ignition
A45: 39 | B45: Available | C45: Input Register | D45: Daily Power yield | E45: 32-bit unsigned integer | F45: 15072 | H45: 315073 | M45: kWh | N45: 10 | O45: 0 | P45: 4294967295 | Q45: 0 | R45: 4.2949673e+08 | W45: IREG_15072_Daily_Power_yield_kWh
A46: 40 | B46: Available | C46: Input Register | D46: Monthly Power yield | E46: 32-bit unsigned integer | F46: 15074 | H46: 315075 | M46: kWh | N46: 1 | O46: 0 | P46: 4294967295 | Q46: 0 | R46: 4294967295 | W46: IREG_15074_Monthly_Power_yield_kWh | Y46: This point is not mapped to ignition
A47: 41 | B47: Available | C47: Input Register | D47: Total Power yield | E47: 32-bit unsigned integer | F47: 15076 | H47: 315077 | M47: kWh | N47: 1 | O47: 0 | P47: 4294967295 | Q47: 0 | R47: 4294967295 | W47: IREG_15076_Total_Power_yield_kWh
A48: 42 | B48: Available | C48: Input Register | D48: CO2 emission reduction | E48: 32-bit unsigned integer | F48: 15078 | H48: 315079 | M48: kg | N48: 1 | O48: 0 | P48: 4294967295 | Q48: 0 | R48: 4294967295 | W48: IREG_15078_CO2_emission_reduction_kg | Y48: This point is not mapped to ignition
A49: 43 | B49: Available | C49: Input Register | D49: Daily grid connected minutes | E49: 16-bit unsigned integer | F49: 15080 | H49: 315081 | M49: min | N49: 1 | O49: 0 | P49: 65535 | Q49: 0 | R49: 65535 | W49: IREG_15080_Daily_grid_connected_minutes_min | Y49: This point is not mapped to ignition
A50: 44 | B50: Available | C50: Input Register | D50: Total Running Hours | E50: 32-bit unsigned integer | F50: 15081 | H50: 315082 | M50: hr | N50: 1 | O50: 0 | P50: 4294967295 | Q50: 0 | R50: 4294967295 | W50: IREG_15081_Total_Running_Hours_hr
A51: 45 | B51: Available | C51: Input Register | D51: Total DC Power | E51: 32-bit unsigned integer | F51: 15091 | H51: 315092 | M51: W | N51: 1 | O51: 0 | P51: 4294967295 | Q51: 0 | R51: 4294967295 | W51: IREG_15091_Total_DC_Power_W
A52: 46 | B52: Available | C52: Input Register | D52: A-B Line Voltage | E52: 16-bit unsigned integer | F52: 15093 | H52: 315094 | M52: V | N52: 10 | O52: 0 | P52: 65535 | Q52: 0 | R52: 6553.5 | W52: IREG_15093_A_B_Line_Voltage_V
A53: 47 | B53: Available | C53: Input Register | D53: B-C Line Voltage | E53: 16-bit unsigned integer | F53: 15094 | H53: 315095 | M53: V | N53: 10 | O53: 0 | P53: 65535 | Q53: 0 | R53: 6553.5 | W53: IREG_15094_B_C_Line_Voltage_V
A54: 48 | B54: Available | C54: Input Register | D54: C-A Line Voltage | E54: 16-bit unsigned integer | F54: 15095 | H54: 315096 | M54: V | N54: 10 | O54: 0 | P54: 65535 | Q54: 0 | R54: 6553.5 | W54: IREG_15095_C_A_Line_Voltage_V
A55: 49 | B55: Available | C55: Input Register | D55: Phase A Current | E55: 16-bit unsigned integer | F55: 15096 | H55: 315097 | M55: A | N55: 10 | O55: 0 | P55: 65535 | Q55: 0 | R55: 6553.5 | W55: IREG_15096_Phase_A_Current_A
A56: 50 | B56: Available | C56: Input Register | D56: Phase B Current | E56: 16-bit unsigned integer | F56: 15097 | H56: 315098 | M56: A | N56: 10 | O56: 0 | P56: 65535 | Q56: 0 | R56: 6553.5 | W56: IREG_15097_Phase_B_Current_A
A57: 51 | B57: Available | C57: Input Register | D57: Phase C Current | E57: 16-bit unsigned integer | F57: 15098 | H57: 315099 | M57: A | N57: 10 | O57: 0 | P57: 65535 | Q57: 0 | R57: 6553.5 | W57: IREG_15098_Phase_C_Current_A
A58: 52 | B58: Available | C58: Input Register | D58: Total active power | E58: 32-bit unsigned integer | F58: 15099 | H58: 315100 | M58: W | N58: 1 | O58: 0 | P58: 4294967295 | Q58: 0 | R58: 4294967295 | W58: IREG_15099_Total_active_power_W
A59: 53 | B59: Available | C59: Input Register | D59: Total reactive power | E59: 32-bit signed integer | F59: 15101 | H59: 315102 | M59: var | N59: 1 | O59: -2147483648 | P59: 2147483647 | Q59: -2147483648 | R59: 2147483647 | W59: IREG_15101_Total_reactive_power_var
A60: 54 | B60: Available | C60: Input Register | D60: Total appearant power | E60: 32-bit unsigned integer | F60: 15103 | H60: 315104 | M60: VA | N60: 1 | O60: 0 | P60: 4294967295 | Q60: 0 | R60: 4294967295 | W60: IREG_15103_Total_appearant_power_VA | Y60: This point is not mapped to ignition
A61: 55 | B61: Available | C61: Input Register | D61: Power Factor | E61: 16-bit signed integer | F61: 15105 | H61: 315106 | M61: PU | N61: 1000 | O61: -32768 | P61: 32767 | Q61: -32.768 | R61: 32.767 | W61: IREG_15105_Power_Factor_PU
A62: 56 | B62: Available | C62: Input Register | D62: Frequency | E62: 16-bit unsigned integer | F62: 15106 | H62: 315107 | M62: Hz | N62: 10 | O62: 0 | P62: 65535 | Q62: 0 | R62: 6553.5 | W62: IREG_15106_Frequency_Hz
A63: 57 | B63: Not Imported | C63: Input Register | D63: Rated reactive power | E63: 16-bit unsigned integer | F63: 15107 | H63: 315108 | M63: kvar | N63: 10 | O63: 0 | P63: 65535 | Q63: 0 | R63: 6553.5 | W63: IREG_15107_Rated_reactive_power_kvar | Y63: This point is not mapped to ignition
A64: 58 | B64: Available | C64: Input Register | D64: Power limit actual value feedback | E64: 32-bit unsigned integer | F64: 15108 | H64: 315109 | M64: W | N64: 1 | O64: 0 | P64: 4294967295 | Q64: 0 | R64: 4294967295 | W64: IREG_15108_Power_limit_actual_value_feedback_W
A65: 59 | B65: Available | C65: Input Register | D65: Reactive power adjustment actual value feedback | E65: 32-bit signed integer | F65: 15110 | H65: 315111 | M65: var | N65: 1 | O65: -2147483648 | P65: 2147483647 | Q65: -2147483648 | R65: 2147483647 | W65: IREG_15110_Reactive_power_adjustment_actual_value_feedback_var
A66: 60 | B66: Available | C66: Input Register | D66: Power factor feedback | E66: 16-bit signed integer | F66: 15112 | H66: 315113 | M66: PU | N66: 1000 | O66: -32768 | P66: 32767 | Q66: -32.768 | R66: 32.767 | W66: IREG_15112_Power_factor_feedback_PU
A67: 61 | B67: Available | C67: Input Register | D67: Transformer node state | E67: 16-bit bitfield | F67: 15113 | H67: 315114 | M67: unitless | W67: IREG_15113_Transformer_node_state
A68: 62 | B68: Available | C68: Input Register | D68: Transformer gas buildup trip | E68: Boolean | F68: 15113 | G68: 0 | H68: 315114.0 | J68: On (1) | K68: Tripped | L68: Normal | W68: IREG_15113_Transformer_gas_buildup_trip
A69: 63 | B69: Available | C69: Input Register | D69: Transformer gas buildup alarm | E69: Boolean | F69: 15113 | G69: 1 | H69: 315114.1 | J69: On (1) | K69: Alarm | L69: Normal | W69: IREG_15113_Transformer_gas_buildup_alarm
A70: 64 | B70: Available | C70: Input Register | D70: Transformer oil temperature alarm | E70: Boolean | F70: 15113 | G70: 2 | H70: 315114.2 | J70: On (1) | K70: Alarm | L70: Normal | W70: IREG_15113_Transformer_oil_temperature_alarm
A71: 65 | B71: Available | C71: Input Register | D71: Transformer oil temperature trip | E71: Boolean | F71: 15113 | G71: 3 | H71: 315114.3 | J71: On (1) | K71: Tripped | L71: Normal | W71: IREG_15113_Transformer_oil_temperature_trip
A72: 66 | B72: Available | C72: Input Register | D72: Transformer low oil level trip | E72: Boolean | F72: 15113 | G72: 4 | H72: 315114.4 | J72: On (1) | K72: Tripped | L72: Normal | W72: IREG_15113_Transformer_low_oil_level_trip
A73: 67 | B73: Available | C73: Input Register | D73: Transformer low oil level alarm | E73: Boolean | F73: 15113 | G73: 5 | H73: 315114.5 | J73: On (1) | K73: Alarm | L73: Normal | W73: IREG_15113_Transformer_low_oil_level_alarm
A74: 68 | B74: Available | C74: Input Register | D74: Transformer pressure relief valve trip | E74: Boolean | F74: 15113 | G74: 6 | H74: 315114.6 | J74: On (1) | K74: Tripped | L74: Normal | W74: IREG_15113_Transformer_pressure_relief_valve_trip
A75: 69 | B75: Available | C75: Input Register | D75: Transformer pressure relief valve alarm | E75: Boolean | F75: 15113 | G75: 7 | H75: 315114.7 | J75: On (1) | K75: Alarm | L75: Normal | W75: IREG_15113_Transformer_pressure_relief_valve_alarm
A76: 70 | B76: Available | C76: Input Register | D76: U1 load switch status | E76: Boolean | F76: 15113 | G76: 8 | H76: 315114.8 | J76: None | K76: Open | L76: Closed | W76: IREG_15113_U1_load_switch_status
A77: 71 | B77: Available | C77: Input Register | D77: U2 load switch status | E77: Boolean | F77: 15113 | G77: 9 | H77: 315114.9 | J77: None | K77: Open | L77: Closed | W77: IREG_15113_U2_load_switch_status
A78: 72 | B78: Available | C78: Input Register | D78: Circuit breaker status | E78: Boolean | F78: 15113 | G78: 10 | H78: 315114.10 | J78: None | K78: Open | L78: Closed | W78: IREG_15113_Circuit_breaker_status
A79: 73 | B79: Available | C79: Input Register | D79: Disconnector status | E79: Boolean | F79: 15113 | G79: 11 | H79: 315114.11 | J79: None | K79: Open | L79: Closed | W79: IREG_15113_Disconnector_status
... A81: 75 | B81: Available | C81: Input Register | D81: Transformer high oil level alarm | E81: Boolean | F81: 15113 | G81: 13 | H81: 315114.13 | J81: On (1) | K81: Alarm | L81: Normal | W81: IREG_15113_Transformer_high_oil_level_alarm
A82: 76 | B82: Available | C82: Input Register | D82: Annual power yields | E82: 32-bit unsigned integer | F82: 15114 | H82: 315115 | M82: kWh | N82: 1 | O82: 0 | P82: 4294967295 | Q82: 0 | R82: 4294967295 | W82: IREG_15114_Annual_power_yields_kWh | Y82: This point is not mapped to ignition
A83: 77 | B83: Available | C83: Input Register | D83: Overall work state | E83: 32-bit bitfield | F83: 15116 | H83: 315117 | M83: unitless | W83: IREG_15116_Overall_work_state
A84: 78 | B84: Available | C84: Input Register | D84: Running | E84: Boolean | F84: 15116 | G84: 0 | H84: 315117.0 | J84: None | K84: Running | L84: Not Running | W84: IREG_15116_Running
A85: 79 | B85: Available | C85: Input Register | D85: Stopped | E85: Boolean | F85: 15116 | G85: 1 | H85: 315117.1 | J85: None | K85: Stopped | L85: Not Stopped | W85: IREG_15116_Stopped
A86: 80 | B86: Available | C86: Input Register | D86: External emergency stop overall work state | E86: Boolean | F86: 15116 | G86: 2 | H86: 315117.2 | J86: On (1) | K86: Alarm | L86: Normal | W86: IREG_15116_External_emergency_stop_overall_work_state
A87: 81 | B87: Available | C87: Input Register | D87: Remote emergency stop | E87: Boolean | F87: 15116 | G87: 3 | H87: 315117.3 | J87: On (1) | K87: Alarm | L87: Normal | W87: IREG_15116_Remote_emergency_stop
A88: 82 | B88: Available | C88: Input Register | D88: Door opening protection | E88: Boolean | F88: 15116 | G88: 4 | H88: 315117.4 | J88: On (1) | K88: Alarm | L88: Normal | W88: IREG_15116_Door_opening_protection
A89: 83 | B89: Available | C89: Input Register | D89: Smoke alarm trip | E89: Boolean | F89: 15116 | G89: 5 | H89: 315117.5 | J89: On (1) | K89: Alarm | L89: Normal | W89: IREG_15116_Smoke_alarm_trip
A90: 84 | B90: Available | C90: Input Register | D90: Local emergency stop | E90: Boolean | F90: 15116 | G90: 6 | H90: 315117.6 | J90: On (1) | K90: Alarm | L90: Normal | W90: IREG_15116_Local_emergency_stop
A91: 85 | B91: Available | C91: Input Register | D91: Transformer oil temperature | E91: 16-bit signed integer | F91: 15118 | H91: 315119 | M91: degC | N91: 10 | O91: -32768 | P91: 32767 | Q91: -3276.8 | R91: 3276.7 | W91: IREG_15118_Transformer_oil_temperature_degC
A92: 86 | B92: Available | C92: Input Register | D92: Winding temperature | E92: 16-bit signed integer | F92: 15119 | H92: 315120 | M92: degC | N92: 10 | O92: -32768 | P92: 32767 | Q92: -3276.8 | R92: 3276.7 | W92: IREG_15119_Winding_temperature_degC
A93: 87 | B93: Available | C93: Input Register | D93: MV Node State 1 | E93: 16-bit bitfield | F93: 15125 | H93: 315126 | M93: unitless | W93: IREG_15125_MV_Node_State_1
A94: 88 | B94: Available | C94: Input Register | D94: HV compartment door open alarm | E94: Boolean | F94: 15125 | G94: 6 | H94: 315126.6 | J94: Off (0) | K94: Closed | L94: Open | W94: IREG_15125_HV_compartment_door_open_alarm
A95: 89 | B95: Available | C95: Input Register | D95: SF6 low pressure alarm | E95: Boolean | F95: 15125 | G95: 10 | H95: 315126.10 | J95: On (1) | K95: Alarm | L95: Normal | W95: IREG_15125_SF6_low_pressure_alarm
A96: 90 | B96: Available | C96: Input Register | D96: External emergency stop mv node state | E96: Boolean | F96: 15125 | G96: 11 | H96: 315126.11 | J96: On (1) | K96: Alarm | L96: Normal | W96: IREG_15125_External_emergency_stop_mv_node_state
A97: 91 | B97: Available | C97: Input Register | D97: MV fuse blown alarm | E97: Boolean | F97: 15125 | G97: 12 | H97: 315126.12 | J97: On (1) | K97: Alarm | L97: Normal | W97: IREG_15125_MV_fuse_blown_alarm
A98: 92 | B98: Available | C98: Input Register | D98: HV compartment smoke alarm | E98: Boolean | F98: 15125 | G98: 13 | H98: 315126.13 | J98: On (1) | K98: Alarm | L98: Normal | W98: IREG_15125_HV_compartment_smoke_alarm
A99: 93 | B99: Available | C99: Input Register | D99: HV Local remote switch status | E99: Boolean | F99: 15125 | G99: 14 | H99: 315126.14 | J99: On (1) | K99: Local | L99: Remote | W99: IREG_15125_HV_Local_remote_switch_status
A100: 94 | B100: Available | C100: Input Register | D100: Overall alarm state | E100: 16-bit bitfield | F100: 15126 | H100: 315127 | M100: unitless | W100: IREG_15126_Overall_alarm_state
A101: 95 | B101: Available | C101: Input Register | D101: Smoke sensor abnormal alarm | E101: Boolean | F101: 15126 | G101: 0 | H101: 315127.0 | J101: On (1) | K101: Alarm | L101: Normal | W101: IREG_15126_Smoke_sensor_abnormal_alarm
A102: 96 | B102: Available | C102: Input Register | D102: Temperature sensor abnormal alarm | E102: Boolean | F102: 15126 | G102: 3 | H102: 315127.3 | J102: On (1) | K102: Alarm | L102: Normal | W102: IREG_15126_Temperature_sensor_abnormal_alarm
A103: 97 | B103: Available | C103: Input Register | D103: Digital input state | E103: 32-bit bitfield | F103: 15128 | H103: 315129 | M103: unitless | W103: IREG_15128_Digital_input_state
A104: 98 | B104: Available | C104: Input Register | D104: DI1 status | E104: Boolean | F104: 15128 | G104: 0 | H104: 315129.0 | J104: None | K104: On | L104: Off | W104: IREG_15128_DI1_status
A105: 99 | B105: Available | C105: Input Register | D105: DI2 status | E105: Boolean | F105: 15128 | G105: 1 | H105: 315129.1 | J105: None | K105: Off | L105: On | W105: IREG_15128_DI2_status
A106: 100 | B106: Available | C106: Input Register | D106: DI3 status | E106: Boolean | F106: 15128 | G106: 2 | H106: 315129.2 | J106: None | K106: Off | L106: On | W106: IREG_15128_DI3_status
A107: 101 | B107: Available | C107: Input Register | D107: DI4 status | E107: Boolean | F107: 15128 | G107: 3 | H107: 315129.3 | J107: None | K107: Off | L107: On | W107: IREG_15128_DI4_status
A108: 102 | B108: Available | C108: Input Register | D108: DI5 status | E108: Boolean | F108: 15128 | G108: 4 | H108: 315129.4 | J108: None | K108: On | L108: Off | W108: IREG_15128_DI5_status
A109: 103 | B109: Available | C109: Input Register | D109: DI6 status | E109: Boolean | F109: 15128 | G109: 5 | H109: 315129.5 | J109: None | K109: On | L109: Off | W109: IREG_15128_DI6_status
A110: 104 | B110: Available | C110: Input Register | D110: DI7 status | E110: Boolean | F110: 15128 | G110: 6 | H110: 315129.6 | J110: None | K110: On | L110: Off | W110: IREG_15128_DI7_status
A111: 105 | B111: Available | C111: Input Register | D111: DI8 status | E111: Boolean | F111: 15128 | G111: 7 | H111: 315129.7 | J111: None | K111: On | L111: Off | W111: IREG_15128_DI8_status
A112: 106 | B112: Available | C112: Input Register | D112: DI9 status | E112: Boolean | F112: 15128 | G112: 8 | H112: 315129.8 | J112: None | K112: On | L112: Off | W112: IREG_15128_DI9_status
A113: 107 | B113: Available | C113: Input Register | D113: DI10 status | E113: Boolean | F113: 15128 | G113: 9 | H113: 315129.9 | J113: None | K113: On | L113: Off | W113: IREG_15128_DI10_status
A114: 108 | B114: Available | C114: Input Register | D114: DI11 status | E114: Boolean | F114: 15128 | G114: 10 | H114: 315129.10 | J114: None | K114: On | L114: Off | W114: IREG_15128_DI11_status
A115: 109 | B115: Available | C115: Input Register | D115: DI12 status | E115: Boolean | F115: 15128 | G115: 11 | H115: 315129.11 | J115: None | K115: On | L115: Off | W115: IREG_15128_DI12_status
... A124: 118 | B124: Available | C124: Input Register | D124: DI21 status | E124: Boolean | F124: 15128 | G124: 20 | H124: 315129.20 | J124: None | K124: On | L124: Off | W124: IREG_15128_DI21_status
A125: 119 | B125: Available | C125: Input Register | D125: MV Node state 2 | E125: 32-bit bitfield | F125: 15130 | H125: 315131 | M125: unitless | W125: IREG_15130_MV_Node_state_2
A126: 120 | B126: Available | C126: Input Register | D126: MV load switch status | E126: Boolean | F126: 15130 | G126: 0 | H126: 315131.0 | J126: None | K126: Closed | L126: Open | W126: IREG_15130_MV_load_switch_status
A127: 121 | B127: Available | C127: Input Register | D127: HV remote trip | E127: Boolean | F127: 15130 | G127: 1 | H127: 315131.1 | J127: On (1) | K127: Tripped | L127: Normal | W127: IREG_15130_HV_remote_trip
A128: 122 | B128: Available | C128: Input Register | D128: Transformer compartment door | E128: Boolean | F128: 15130 | G128: 7 | H128: 315131.7 | J128: Off (0) | K128: Closed | L128: Open | W128: IREG_15130_Transformer_compartment_door
...

Sheet Inverters to PPC - SG4400UD
A1: ='Data Flows'!A1 -> Site Name | G1: Modbus | K1: Inverters to PPC-1
A2: Last updated | C2: 45383 | D2: Device Type | E2: Sungrow SG4400UD | K2: The scalar is the multiplier to put the actual measurement value on the wire, and the divisor to take the actual measurement value off the wire.
A3: Index digits in name | C3: 5 | D3: Subsystem / Zone | E3: Inverters
A4: Device Register Base | C4: 1 | K4: CAUTION: Sungrow device uses multiple endian conventions on a per-register basis. Consult sungrow manual for endian convention rubric.
A5: Register Digits | C5: 6
A6: List Index | B6: Availability | C6: Modbus Table | D6: Point Description | E6: Data Type | F6: RTAC Modbus index | G6: Modbus Bit | H6: Modbus Register | I6: Device Point Name | J6: Alarm State | K6: On (1) State | L6: Off (0) State | M6: Units | N6: Scalar | O6: Min Count | P6: Max Count | Q6: Min Value | R6: Max Value | S6: Analog Alarm Limits | T6: Alarm Profile | U6: Historian Profile | V6: HMI Category | W6: RTAC Point Name | X6: Enumeration Table | Y6: Comments
A7: 1 | B7: Not Imported | C7: Input Register | D7: Protocol Number | E7: 32-bit unsigned integer | F7: 14999 | H7: 315000 | M7: unitless | O7: 0 | P7: 4294967295 | W7: IREG_14999_Protocol_Number | Y7: This point is not mapped to ignition
A8: 2 | B8: Not Imported | C8: Input Register | D8: Protocol Version | E8: 32-bit unsigned integer | F8: 15001 | H8: 315002 | M8: unitless | O8: 0 | P8: 4294967295 | W8: IREG_15001_Protocol_Version | Y8: This point is not mapped to ignition
A9: 3 | B9: Not Imported | C9: Input Register | D9: Serial Number | E9: String | F9: 15003 | H9: 315004 | W9: IREG_15003_Serial_Number | Y9: This point is not mapped to ignition
A10: 4 | B10: Not Imported | C10: Input Register | D10: Machine Model | E10: String | F10: 15011 | H10: 315012 | W10: IREG_15011_Machine_Model | Y10: This point is not mapped to ignition
A11: 5 | B11: Available | C11: Input Register | D11: Device Type Code | E11: 16-bit unsigned integer | F11: 15069 | H11: 315070 | M11: unitless | N11: 1 | O11: 0 | P11: 65535 | Q11: 0 | R11: 65535 | W11: IREG_15069_Device_Type_Code | Y11: This point is not mapped to ignition
A12: 6 | B12: Available | C12: Input Register | D12: Rated active power | E12: 16-bit unsigned integer | F12: 15070 | H12: 315071 | M12: kW | N12: 10 | O12: 0 | P12: 65535 | Q12: 0 | R12: 6553.5 | W12: IREG_15070_Rated_active_power_kW | Y12: This point is not mapped to ignition
A13: 7 | B13: Available | C13: Input Register | D13: Daily Power yield | E13: 32-bit unsigned integer | F13: 15072 | H13: 315073 | M13: kWh | N13: 10 | O13: 0 | P13: 4294967295 | Q13: 0 | R13: 4.2949673e+08 | W13: IREG_15072_Daily_Power_yield_kWh
A14: 8 | B14: Available | C14: Input Register | D14: Monthly Power yield | E14: 32-bit unsigned integer | F14: 15074 | H14: 315075 | M14: kWh | N14: 1 | O14: 0 | P14: 4294967295 | Q14: 0 | R14: 4294967295 | W14: IREG_15074_Monthly_Power_yield_kWh | Y14: This point is not mapped to ignition
A15: 9 | B15: Available | C15: Input Register | D15: Total Power yield | E15: 32-bit unsigned integer | F15: 15076 | H15: 315077 | M15: kWh | N15: 1 | O15: 0 | P15: 4294967295 | Q15: 0 | R15: 4294967295 | W15: IREG_15076_Total_Power_yield_kWh
A16: 10 | B16: Available | C16: Input Register | D16: CO2 emission reduction | E16: 32-bit unsigned integer | F16: 15078 | H16: 315079 | M16: kg | N16: 1 | O16: 0 | P16: 4294967295 | Q16: 0 | R16: 4294967295 | W16: IREG_15078_CO2_emission_reduction_kg | Y16: This point is not mapped to ignition
A17: 11 | B17: Available | C17: Input Register | D17: Daily grid connected minutes | E17: 16-bit unsigned integer | F17: 15080 | H17: 315081 | M17: min | N17: 1 | O17: 0 | P17: 65535 | Q17: 0 | R17: 65535 | W17: IREG_15080_Daily_grid_connected_minutes_min | Y17: This point is not mapped to ignition
A18: 12 | B18: Available | C18: Input Register | D18: Total Running Hours | E18: 32-bit unsigned integer | F18: 15081 | H18: 315082 | M18: hr | N18: 1 | O18: 0 | P18: 4294967295 | Q18: 0 | R18: 4294967295 | W18: IREG_15081_Total_Running_Hours_hr
A19: 13 | B19: Available | C19: Input Register | D19: Total DC Power | E19: 32-bit signed integer | F19: 15091 | H19: 315092 | M19: W | N19: 1 | O19: -2147483648 | P19: 2147483647 | Q19: -2147483648 | R19: 2147483647 | W19: IREG_15091_Total_DC_Power_W
A20: 14 | B20: Available | C20: Input Register | D20: A-B Line Voltage | E20: 16-bit unsigned integer | F20: 15093 | H20: 315094 | M20: V | N20: 10 | O20: 0 | P20: 65535 | Q20: 0 | R20: 6553.5 | W20: IREG_15093_A_B_Line_Voltage_V
A21: 15 | B21: Available | C21: Input Register | D21: B-C Line Voltage | E21: 16-bit unsigned integer | F21: 15094 | H21: 315095 | M21: V | N21: 10 | O21: 0 | P21: 65535 | Q21: 0 | R21: 6553.5 | W21: IREG_15094_B_C_Line_Voltage_V
A22: 16 | B22: Available | C22: Input Register | D22: C-A Line Voltage | E22: 16-bit unsigned integer | F22: 15095 | H22: 315096 | M22: V | N22: 10 | O22: 0 | P22: 65535 | Q22: 0 | R22: 6553.5 | W22: IREG_15095_C_A_Line_Voltage_V
A23: 17 | B23: Available | C23: Input Register | D23: Phase A Current | E23: 16-bit unsigned integer | F23: 15096 | H23: 315097 | M23: A | N23: 10 | O23: 0 | P23: 65535 | Q23: 0 | R23: 6553.5 | W23: IREG_15096_Phase_A_Current_A
A24: 18 | B24: Available | C24: Input Register | D24: Phase B Current | E24: 16-bit unsigned integer | F24: 15097 | H24: 315098 | M24: A | N24: 10 | O24: 0 | P24: 65535 | Q24: 0 | R24: 6553.5 | W24: IREG_15097_Phase_B_Current_A
A25: 19 | B25: Available | C25: Input Register | D25: Phase C Current | E25: 16-bit unsigned integer | F25: 15098 | H25: 315099 | M25: A | N25: 10 | O25: 0 | P25: 65535 | Q25: 0 | R25: 6553.5 | W25: IREG_15098_Phase_C_Current_A
A26: 20 | B26: Available | C26: Input Register | D26: Total active power | E26: 32-bit signed integer | F26: 15099 | H26: 315100 | M26: W | N26: 1 | O26: -2147483648 | P26: 2147483647 | Q26: -2147483648 | R26: 2147483647 | W26: IREG_15099_Total_active_power_W
A27: 21 | B27: Available | C27: Input Register | D27: Total reactive power | E27: 32-bit signed integer | F27: 15101 | H27: 315102 | M27: var | N27: 1 | O27: -2147483648 | P27: 2147483647 | Q27: -2147483648 | R27: 2147483647 | W27: IREG_15101_Total_reactive_power_var
A28: 22 | B28: Available | C28: Input Register | D28: Total appearant power | E28: 32-bit unsigned integer | F28: 15103 | H28: 315104 | M28: VA | N28: 1 | O28: 0 | P28: 4294967295 | Q28: 0 | R28: 4294967295 | W28: IREG_15103_Total_appearant_power_VA | Y28: This point is not mapped to ignition
A29: 23 | B29: Available | C29: Input Register | D29: Power Factor | E29: 16-bit signed integer | F29: 15105 | H29: 315106 | M29: PU | N29: 1000 | O29: -32768 | P29: 32767 | Q29: -32.768 | R29: 32.767 | W29: IREG_15105_Power_Factor_PU
A30: 24 | B30: Available | C30: Input Register | D30: Frequency | E30: 16-bit unsigned integer | F30: 15106 | H30: 315107 | M30: Hz | N30: 10 | O30: 0 | P30: 65535 | Q30: 0 | R30: 6553.5 | W30: IREG_15106_Frequency_Hz
A31: 25 | B31: Not Imported | C31: Input Register | D31: Rated reactive power | E31: 16-bit unsigned integer | F31: 15107 | H31: 315108 | M31: kvar | N31: 10 | O31: 0 | P31: 65535 | Q31: 0 | R31: 6553.5 | W31: IREG_15107_Rated_reactive_power_kvar | Y31: This point is not mapped to ignition
A32: 26 | B32: Available | C32: Input Register | D32: Power limit actual value feedback | E32: 32-bit unsigned integer | F32: 15108 | H32: 315109 | M32: W | N32: 1 | O32: 0 | P32: 4294967295 | Q32: 0 | R32: 4294967295 | W32: IREG_15108_Power_limit_actual_value_feedback_W
A33: 27 | B33: Available | C33: Input Register | D33: Reactive power adjustment actual value feedback | E33: 32-bit signed integer | F33: 15110 | H33: 315111 | M33: var | N33: 1 | O33: -2147483648 | P33: 2147483647 | Q33: -2147483648 | R33: 2147483647 | W33: IREG_15110_Reactive_power_adjustment_actual_value_feedback_var
A34: 28 | B34: Available | C34: Input Register | D34: Power factor feedback | E34: 16-bit signed integer | F34: 15112 | H34: 315113 | M34: PU | N34: 1000 | O34: -32768 | P34: 32767 | Q34: -32.768 | R34: 32.767 | W34: IREG_15112_Power_factor_feedback_PU
A35: 29 | B35: Available | C35: Input Register | D35: Transformer node state | E35: 16-bit bitfield | F35: 15113 | H35: 315114 | W35: IREG_15113_Transformer_node_state
A36: 30 | B36: Available | C36: Input Register | D36: Transformer gas buildup trip | E36: Boolean | F36: 15113 | G36: 0 | H36: 315114.0 | J36: On (1) | K36: Tripped | L36: Normal | W36: IREG_15113_Transformer_gas_buildup_trip
A37: 31 | B37: Available | C37: Input Register | D37: Transformer gas buildup alarm | E37: Boolean | F37: 15113 | G37: 1 | H37: 315114.1 | J37: On (1) | K37: Alarm | L37: Normal | W37: IREG_15113_Transformer_gas_buildup_alarm
A38: 32 | B38: Available | C38: Input Register | D38: Transformer oil temperature alarm | E38: Boolean | F38: 15113 | G38: 2 | H38: 315114.2 | J38: On (1) | K38: Alarm | L38: Normal | W38: IREG_15113_Transformer_oil_temperature_alarm
A39: 33 | B39: Available | C39: Input Register | D39: Transformer oil temperature trip | E39: Boolean | F39: 15113 | G39: 3 | H39: 315114.3 | J39: On (1) | K39: Tripped | L39: Normal | W39: IREG_15113_Transformer_oil_temperature_trip
A40: 34 | B40: Available | C40: Input Register | D40: Transformer low oil level trip | E40: Boolean | F40: 15113 | G40: 4 | H40: 315114.4 | J40: On (1) | K40: Tripped | L40: Normal | W40: IREG_15113_Transformer_low_oil_level_trip
A41: 35 | B41: Available | C41: Input Register | D41: Transformer low oil level alarm | E41: Boolean | F41: 15113 | G41: 5 | H41: 315114.5 | J41: On (1) | K41: Alarm | L41: Normal | W41: IREG_15113_Transformer_low_oil_level_alarm
A42: 36 | B42: Available | C42: Input Register | D42: Transformer pressure relief valve trip | E42: Boolean | F42: 15113 | G42: 6 | H42: 315114.6 | J42: On (1) | K42: Tripped | L42: Normal | W42: IREG_15113_Transformer_pressure_relief_valve_trip
A43: 37 | B43: Available | C43: Input Register | D43: MV load switch 1 status | E43: Boolean | F43: 15113 | G43: 8 | H43: 315114.8 | J43: None | K43: Closed | L43: Open | W43: IREG_15113_MV__load_switch_1_status
A44: 38 | B44: Available | C44: Input Register | D44: MV load switch 2 status | E44: Boolean | F44: 15113 | G44: 9 | H44: 315114.9 | J44: None | K44: Closed | L44: Open | W44: IREG_15113_MV__load_switch_2_status
A45: 39 | B45: Available | C45: Input Register | D45: Disconnector status | E45: Boolean | F45: 15113 | G45: 11 | H45: 315114.11 | J45: None | K45: Closed | L45: Open | W45: IREG_15113_Disconnector_status
A46: 40 | B46: Available | C46: Input Register | D46: Transformer high oil level alarm | E46: Boolean | F46: 15113 | G46: 13 | H46: 315114.13 | J46: On (1) | K46: Alarm | L46: Normal | W46: IREG_15113_Transformer_high_oil_level_alarm
A47: 41 | B47: Available | C47: Input Register | D47: Transformer winding temperature trip | E47: Boolean | F47: 15113 | G47: 14 | H47: 315114.14 | J47: On (1) | K47: Tripped | L47: Normal | W47: IREG_15113_Transformer_winding_temperature_trip
A48: 42 | B48: Available | C48: Input Register | D48: Transformer winding temperature alarm | E48: Boolean | F48: 15113 | G48: 15 | H48: 315114.15 | J48: On (1) | K48: Alarm | L48: Normal | W48: IREG_15113_Transformer_winding_temperature_alarm
A49: 43 | B49: Available | C49: Input Register | D49: Annual power yields | E49: 32-bit unsigned integer | F49: 15114 | H49: 315115 | M49: kWh | N49: 1 | O49: 0 | P49: 4294967295 | Q49: 0 | R49: 4294967295 | W49: IREG_15114_Annual_power_yields_kWh | Y49: This point is not mapped to ignition
A50: 44 | B50: Available | C50: Input Register | D50: Overall work state | E50: 32-bit bitfield | F50: 15116 | H50: 315117 | W50: IREG_15116_Overall_work_state
A51: 45 | B51: Available | C51: Input Register | D51: Running | E51: Boolean | F51: 15116 | G51: 0 | H51: 315117.0 | J51: None | K51: Running | L51: Not Running | W51: IREG_15116_Running
A52: 46 | B52: Available | C52: Input Register | D52: Stopped | E52: Boolean | F52: 15116 | G52: 1 | H52: 315117.1 | J52: None | K52: Stopped | L52: Not Stopped | W52: IREG_15116_Stopped
A53: 47 | B53: Available | C53: Input Register | D53: Remote emergency stop | E53: Boolean | F53: 15116 | G53: 3 | H53: 315117.3 | J53: On (1) | K53: Alarm | L53: Normal | W53: IREG_15116_Remote_emergency_stop
A54: 48 | B54: Available | C54: Input Register | D54: Local emergency stop | E54: Boolean | F54: 15116 | G54: 6 | H54: 315117.6 | J54: On (1) | K54: Alarm | L54: Normal | W54: IREG_15116_Local_emergency_stop
A55: 49 | B55: Available | C55: Input Register | D55: SCU master fault | E55: Boolean | F55: 15116 | G55: 7 | H55: 315117.7 | J55: On (1) | K55: Faulted | L55: Normal | W55: IREG_15116_SCU_master_fault
A56: 50 | B56: Available | C56: Input Register | D56: Running | E56: Boolean | F56: 15116 | G56: 8 | H56: 315117.8 | J56: None | K56: Running | L56: Not Running | W56: IREG_15116_Running
A57: 51 | B57: Available | C57: Input Register | D57: Warn run | E57: Boolean | F57: 15116 | G57: 9 | H57: 315117.9 | J57: None | K57: Alarm Running | L57: Not Running | W57: IREG_15116_Warn_run
A58: 52 | B58: Available | C58: Input Register | D58: Faulted | E58: Boolean | F58: 15116 | G58: 10 | H58: 315117.10 | J58: None | K58: Faulted | L58: Not Faulted | W58: IREG_15116_Faulted
A59: 53 | B59: Available | C59: Input Register | D59: Stopped | E59: Boolean | F59: 15116 | G59: 11 | H59: 315117.11 | J59: None | K59: Stopped | L59: Not Stopped | W59: IREG_15116_Stopped
A60: 54 | B60: Available | C60: Input Register | D60: AC insulation fault | E60: Boolean | F60: 15116 | G60: 12 | H60: 315117.12 | J60: On (1) | K60: Faulted | L60: Normal | W60: IREG_15116_AC_insulation_fault
A61: 55 | B61: Available | C61: Input Register | D61: SCU slave fault | E61: Boolean | F61: 15116 | G61: 13 | H61: 315117.13 | J61: On (1) | K61: Faulted | L61: Normal | W61: IREG_15116_SCU_slave_fault
A62: 56 | B62: Available | C62: Input Register | D62: 24h insulation fault | E62: Boolean | F62: 15116 | G62: 15 | H62: 315117.15 | J62: On (1) | K62: Faulted | L62: Normal | W62: IREG_15116_24h_insulation_fault
... A64: 58 | B64: Available | C64: Input Register | D64: 24h AC insulation fault | E64: Boolean | F64: 15116 | G64: 17 | H64: 315117.17 | J64: On (1) | K64: Faulted | L64: Normal | W64: IREG_15116_24h_AC_insulation_fault
A65: 59 | B65: Available | C65: Input Register | D65: Transformer oil temperature | E65: 16-bit signed integer | F65: 15118 | H65: 315119 | M65: degC | N65: 10 | O65: -32768 | P65: 32767 | Q65: -3276.8 | R65: 3276.7 | W65: IREG_15118_Transformer_oil_temperature_degC
A66: 60 | B66: Available | C66: Input Register | D66: Winding temperature | E66: 16-bit signed integer | F66: 15119 | H66: 315120 | M66: degC | N66: 10 | O66: -32768 | P66: 32767 | Q66: -3276.8 | R66: 3276.7 | W66: IREG_15119_Winding_temperature_degC
A67: 61 | B67: Available | C67: Input Register | D67: MV Node State 1 | E67: 16-bit bitfield | F67: 15125 | H67: 315126 | W67: IREG_15125_MV_Node_State_1
A68: 62 | B68: Available | C68: Input Register | D68: External emergency stop mv node state | E68: Boolean | F68: 15125 | G68: 11 | H68: 315126.11 | J68: On (1) | K68: Alarm | L68: Normal | W68: IREG_15125_External_emergency_stop_mv_node_state
A69: 63 | B69: Available | C69: Input Register | D69: MV fuse blown alarm | E69: Boolean | F69: 15125 | G69: 12 | H69: 315126.12 | J69: On (1) | K69: Alarm | L69: Normal | W69: IREG_15125_MV_fuse_blown_alarm
A70: 64 | B70: Available | C70: Input Register | D70: HV compartment smoke alarm | E70: Boolean | F70: 15125 | G70: 13 | H70: 315126.13 | J70: On (1) | K70: Alarm | L70: Normal | W70: IREG_15125_HV_compartment_smoke_alarm
A71: 65 | B71: Available | C71: Input Register | D71: HV Local remote switch status | E71: Boolean | F71: 15125 | G71: 14 | H71: 315126.14 | J71: On (1) | K71: Local | L71: Remote | W71: IREG_15125_HV_Local_remote_switch_status
A72: 66 | B72: Available | C72: Input Register | D72: Overall alarm state | E72: 16-bit bitfield | F72: 15126 | H72: 315127 | W72: IREG_15126_Overall_alarm_state
A73: 67 | B73: Available | C73: Input Register | D73: MV fan status | E73: Boolean | F73: 15126 | G73: 1 | H73: 315127.1 | K73: Abnormal | L73: Normal | W73: IREG_15126_MV_fan_status
A74: 68 | B74: Available | C74: Input Register | D74: AC insulation detection communication status | E74: Boolean | F74: 15126 | G74: 4 | H74: 315127.4 | K74: Abnormal | L74: Normal | W74: IREG_15126_AC_insulation_detection_communication_status
A75: 69 | B75: Available | C75: Input Register | D75: 24h insulation alarm | E75: Boolean | F75: 15126 | G75: 6 | H75: 315127.6 | K75: Abnormal | L75: Normal | W75: IREG_15126_24h_insulation_alarm
A76: 70 | B76: Available | C76: Input Register | D76: SCU master-slave communication status | E76: Boolean | F76: 15126 | G76: 7 | H76: 315127.7 | K76: Abnormal | L76: Normal | W76: IREG_15126_SCU_master_slave_communication_status
A77: 71 | B77: Available | C77: Input Register | D77: Heartbeat status | E77: Boolean | F77: 15126 | G77: 8 | H77: 315127.8 | K77: Abnormal | L77: Normal | W77: IREG_15126_Heartbeat_status
A78: 72 | B78: Available | C78: Input Register | D78: PMD IO board communication status | E78: Boolean | F78: 15126 | G78: 9 | H78: 315127.9 | K78: Abnormal | L78: Normal | W78: IREG_15126_PMD_IO_board_communication_status
A79: 73 | B79: Available | C79: Input Register | D79: Inverter IO board communication status | E79: Boolean | F79: 15126 | G79: 11 | H79: 315127.11 | K79: Abnormal | L79: Normal | W79: IREG_15126_Inverter_IO_board_communication_status
A80: 74 | B80: Available | C80: Input Register | D80: ISO board communication status | E80: Boolean | F80: 15126 | G80: 14 | H80: 315127.14 | K80: Abnormal | L80: Normal | W80: IREG_15126_ISO_board_communication_status
A81: 75 | B81: Available | C81: Input Register | D81: Digital input state | E81: 32-bit bitfield | F81: 15128 | H81: 315129 | W81: IREG_15128_Digital_input_state
A82: 76 | B82: Available | C82: Input Register | D82: DI1 status | E82: Boolean | F82: 15128 | G82: 0 | H82: 315129.0 | J82: None | K82: Closed | L82: Open | W82: IREG_15128_DI1_status
A83: 77 | B83: Available | C83: Input Register | D83: DI2 status | E83: Boolean | F83: 15128 | G83: 1 | H83: 315129.1 | J83: None | K83: Closed | L83: Open | W83: IREG_15128_DI2_status
A84: 78 | B84: Available | C84: Input Register | D84: DI3 status | E84: Boolean | F84: 15128 | G84: 2 | H84: 315129.2 | J84: None | K84: Closed | L84: Closed | W84: IREG_15128_DI3_status
A85: 79 | B85: Available | C85: Input Register | D85: DI4 status | E85: Boolean | F85: 15128 | G85: 3 | H85: 315129.3 | J85: None | K85: Closed | L85: Closed | W85: IREG_15128_DI4_status
A86: 80 | B86: Available | C86: Input Register | D86: DI5 status | E86: Boolean | F86: 15128 | G86: 4 | H86: 315129.4 | J86: None | K86: Closed | L86: Closed | W86: IREG_15128_DI5_status
A87: 81 | B87: Available | C87: Input Register | D87: DI6 status | E87: Boolean | F87: 15128 | G87: 5 | H87: 315129.5 | J87: None | K87: Closed | L87: Open | W87: IREG_15128_DI6_status
A88: 82 | B88: Available | C88: Input Register | D88: DI7 status | E88: Boolean | F88: 15128 | G88: 6 | H88: 315129.6 | J88: None | K88: Closed | L88: Open | W88: IREG_15128_DI7_status
A89: 83 | B89: Available | C89: Input Register | D89: DI8 status | E89: Boolean | F89: 15128 | G89: 7 | H89: 315129.7 | J89: None | K89: Closed | L89: Open | W89: IREG_15128_DI8_status
A90: 84 | B90: Available | C90: Input Register | D90: DI9 status | E90: Boolean | F90: 15128 | G90: 8 | H90: 315129.8 | J90: None | K90: Closed | L90: Open | W90: IREG_15128_DI9_status
A91: 85 | B91: Available | C91: Input Register | D91: DI10 status | E91: Boolean | F91: 15128 | G91: 9 | H91: 315129.9 | J91: None | K91: Closed | L91: Open | W91: IREG_15128_DI10_status
A92: 86 | B92: Available | C92: Input Register | D92: DI11 status | E92: Boolean | F92: 15128 | G92: 10 | H92: 315129.10 | J92: None | K92: Closed | L92: Open | W92: IREG_15128_DI11_status
A93: 87 | B93: Available | C93: Input Register | D93: DI12 status | E93: Boolean | F93: 15128 | G93: 11 | H93: 315129.11 | J93: None | K93: Closed | L93: Open | W93: IREG_15128_DI12_status
... A105: 99 | B105: Available | C105: Input Register | D105: DI24 status | E105: Boolean | F105: 15128 | G105: 23 | H105: 315129.23 | J105: None | K105: Closed | L105: Open | W105: IREG_15128_DI24_status
A106: 100 | B106: Available | C106: Input Register | D106: MV Node state 2 | E106: 32-bit bitfield | F106: 15130 | H106: 315131 | W106: IREG_15130_MV_Node_state_2
A107: 101 | B107: Available | C107: Input Register | D107: MV load switch status | E107: Boolean | F107: 15130 | G107: 0 | H107: 315131.0 | J107: None | K107: Closed | L107: Open | W107: IREG_15130_MV_load_switch_status
A108: 102 | B108: Available | C108: Input Register | D108: HV remote trip | E108: Boolean | F108: 15130 | G108: 1 | H108: 315131.1 | J108: On (1) | K108: Tripped | L108: Normal | W108: IREG_15130_HV_remote_trip
A109: 103 | B109: Available | C109: Input Register | D109: HV remote closing | E109: Boolean | F109: 15130 | G109: 6 | H109: 315131.6 | J109: On (1) | K109: Closed | L109: Open | W109: IREG_15130_HV_remote_closing
A110: 104 | B110: Available | C110: Input Register | D110: Transformer compartment door | E110: Boolean | F110: 15130 | G110: 7 | H110: 315131.7 | J110: On (1) | K110: Open | L110: Closed | W110: IREG_15130_Transformer_compartment_door
A111: 105 | B111: Available | C111: Input Register | D111: Transformer compartment smoke alarm | E111: Boolean | F111: 15130 | G111: 8 | H111: 315131.8 | J111: On (1) | K111: Alarm | L111: Normal | W111: IREG_15130_Transformer_compartment_smoke_alarm
A112: 106 | B112: Available | C112: Input Register | D112: UPS fault | E112: Boolean | F112: 15130 | G112: 9 | H112: 315131.9 | J112: On (1) | K112: Alarm | L112: Normal | W112: IREG_15130_UPS_fault
...

Sheet Met Tower to PPC
A1: ='Data Flows'!A1 -> Site Name | G1: Modbus | K1: Met Tower to PPC
A2: Last updated | C2: 45082 | D2: Device Type | E2: Groundwork Zenith | K2: The scalar is the multiplier to put the actual measurement value on the wire, and the divisor to take the actual measurement value off the wire.
A3: Index digits in name | C3: 4 | D3: Subsystem / Zone | E3: Environmental
A4: Device Register Base | C4: 1
A5: Register Digits | C5: 5
A6: List Index | B6: Availability | C6: Modbus Table | D6: Point Description | E6: Data Type | F6: RTAC Modbus index | G6: Modbus Bit | H6: Modbus Register | I6: Device Point Name | J6: Alarm State | K6: On (1) State | L6: Off (0) State | M6: Units | N6: Scalar | O6: Min Count | P6: Max Count | Q6: Min Value | R6: Max Value | S6: Analog Alarm Limits | T6: Alarm Profile | U6: Historian Profile | V6: HMI Category | W6: RTAC Point Name | X6: Enumeration Table | Y6: Comments
A7: 1 | B7: Available | C7: Holding Register | D7: Scan count | E7: 32-bit float | F7: 0 | H7: 40001 | M7: s | N7: 1 | O7: -3.4028235e+38 | P7: 3.4028235e+38 | Q7: -3.4028235e+38 | R7: 3.4028235e+38 | W7: HREG_0000_Scan_count_s
A8: 2 | B8: Available | C8: Holding Register | D8: Skipped scans | E8: 32-bit float | F8: 2 | H8: 40003 | M8: count | N8: 1 | O8: -3.4028235e+38 | P8: 3.4028235e+38 | Q8: -3.4028235e+38 | R8: 3.4028235e+38 | W8: HREG_0002_Skipped_scans_count
A9: 3 | B9: Available | C9: Holding Register | D9: Logger voltage | E9: 32-bit float | F9: 4 | H9: 40005 | M9: V | N9: 1 | O9: -3.4028235e+38 | P9: 3.4028235e+38 | Q9: -3.4028235e+38 | R9: 3.4028235e+38 | W9: HREG_0004_Logger_voltage_V
A10: 4 | B10: Available | C10: Holding Register | D10: Logger temp | E10: 32-bit float | F10: 6 | H10: 40007 | M10: DegC | N10: 1 | O10: -3.4028235e+38 | P10: 3.4028235e+38 | Q10: -3.4028235e+38 | R10: 3.4028235e+38 | W10: HREG_0006_Logger_temp_DegC
A11: 5 | B11: Available | C11: Holding Register | D11: Skipped slow scans | E11: 32-bit float | F11: 8 | H11: 40009 | M11: count | N11: 1 | O11: -3.4028235e+38 | P11: 3.4028235e+38 | Q11: -3.4028235e+38 | R11: 3.4028235e+38 | W11: HREG_0008_Skipped_slow_scans_count
A12: 6 | B12: Available | C12: Holding Register | D12: Logger lithium | E12: 32-bit float | F12: 10 | H12: 40011 | M12: V | N12: 1 | O12: -3.4028235e+38 | P12: 3.4028235e+38 | Q12: -3.4028235e+38 | R12: 3.4028235e+38 | W12: HREG_0010_Logger_lithium_V
A13: 7 | B13: Available | C13: Holding Register | D13: Logger low volt 12 | E13: 32-bit float | F13: 12 | H13: 40013 | M13: count | N13: 1 | O13: -3.4028235e+38 | P13: 3.4028235e+38 | Q13: -3.4028235e+38 | R13: 3.4028235e+38 | W13: HREG_0012_Logger_low_volt_12_count
A14: 8 | B14: Available | C14: Holding Register | D14: Solar zenith | E14: 32-bit float | F14: 16 | H14: 40017 | M14: degrees | N14: 1 | O14: -3.4028235e+38 | P14: 3.4028235e+38 | Q14: -3.4028235e+38 | R14: 3.4028235e+38 | W14: HREG_0016_Solar_zenith_degrees
A15: 9 | B15: Available | C15: Holding Register | D15: Solar elevation | E15: 32-bit float | F15: 18 | H15: 40019 | M15: degrees | N15: 1 | O15: -3.4028235e+38 | P15: 3.4028235e+38 | Q15: -3.4028235e+38 | R15: 3.4028235e+38 | W15: HREG_0018_Solar_elevation_degrees
A16: 10 | B16: Available | C16: Holding Register | D16: Solar azimuth | E16: 32-bit float | F16: 20 | H16: 40021 | M16: degrees | N16: 1 | O16: -3.4028235e+38 | P16: 3.4028235e+38 | Q16: -3.4028235e+38 | R16: 3.4028235e+38 | W16: HREG_0020_Solar_azimuth_degrees
A17: 11 | B17: Available | C17: Holding Register | D17: Heat state | E17: 32-bit float | F17: 22 | H17: 40023 | K17: On | L17: Off | M17: boolean | N17: 1 | O17: -3.4028235e+38 | P17: 3.4028235e+38 | Q17: -3.4028235e+38 | R17: 3.4028235e+38 | W17: HREG_0022_Heat_state_boolean
A18: 12 | B18: Available | C18: Holding Register | D18: Logger data map version | E18: 32-bit float | F18: 24 | H18: 40025 | M18: unitless | N18: 1 | O18: -3.4028235e+38 | P18: 3.4028235e+38 | Q18: -3.4028235e+38 | R18: 3.4028235e+38 | W18: HREG_0024_Logger_data_map_version
A19: 13 | B19: Available | C19: Holding Register | D19: Maint event | E19: 32-bit float | F19: 26 | H19: 40027 | K19: On | L19: Off | M19: boolean | N19: 1 | O19: -3.4028235e+38 | P19: 3.4028235e+38 | Q19: -3.4028235e+38 | R19: 3.4028235e+38 | W19: HREG_0026_Maint_event_boolean
A20: 14 | B20: Available | C20: Holding Register | D20: Logger AC power available | E20: 32-bit float | F20: 28 | H20: 40029 | K20: On | L20: Off | M20: boolean | N20: 1 | O20: -3.4028235e+38 | P20: 3.4028235e+38 | Q20: -3.4028235e+38 | R20: 3.4028235e+38 | W20: HREG_0028_Logger_AC_power_available_boolean | X20: 0 to 1
A21: 15 | B21: Available | C21: Holding Register | D21: Batt voltage | E21: 32-bit float | F21: 30 | H21: 40031 | M21: V | N21: 1 | O21: -3.4028235e+38 | P21: 3.4028235e+38 | Q21: -3.4028235e+38 | R21: 3.4028235e+38 | W21: HREG_0030_Batt_voltage_V
A22: 16 | B22: Available | C22: Holding Register | D22: Batt current | E22: 32-bit float | F22: 32 | H22: 40033 | M22: A | N22: 1 | O22: -3.4028235e+38 | P22: 3.4028235e+38 | Q22: -3.4028235e+38 | R22: 3.4028235e+38 | W22: HREG_0032_Batt_current_A
A23: 17 | B23: Available | C23: Holding Register | D23: Load current | E23: 32-bit float | F23: 34 | H23: 40035 | M23: A | N23: 1 | O23: -3.4028235e+38 | P23: 3.4028235e+38 | Q23: -3.4028235e+38 | R23: 3.4028235e+38 | W23: HREG_0034_Load_current_A
A24: 18 | B24: Available | C24: Holding Register | D24: Input voltage 1 | E24: 32-bit float | F24: 36 | H24: 40037 | M24: V | N24: 1 | O24: -3.4028235e+38 | P24: 3.4028235e+38 | Q24: -3.4028235e+38 | R24: 3.4028235e+38 | W24: HREG_0036_Input_voltage_1_V
A25: 19 | B25: Available | C25: Holding Register | D25: Chargesource | E25: 32-bit float | F25: 40 | H25: 40041 | M25: enumeration | N25: 1 | O25: -3.4028235e+38 | P25: 3.4028235e+38 | Q25: -3.4028235e+38 | R25: 3.4028235e+38 | W25: HREG_0040_Chargesource | Y25: 0 = None, 1 = Solar, 2 = AC Power
A26: 20 | B26: Available | C26: Holding Register | D26: Checkbattery | E26: 32-bit float | F26: 42 | H26: 40043 | K26: Alarm | L26: Alarm | M26: boolean | N26: 1 | O26: -3.4028235e+38 | P26: 3.4028235e+38 | Q26: -3.4028235e+38 | R26: 3.4028235e+38 | W26: HREG_0042_Checkbattery
A27: 21 | B27: Available | C27: Holding Register | D27: Input voltage 2 | E27: 32-bit float | F27: 44 | H27: 40045 | M27: V | N27: 1 | O27: -3.4028235e+38 | P27: 3.4028235e+38 | Q27: -3.4028235e+38 | R27: 3.4028235e+38 | W27: HREG_0044_Input_voltage_2_V
A28: 22 | B28: Available | C28: Holding Register | D28: POA | E28: 32-bit float | F28: 46 | H28: 40047 | M28: W/m2 | N28: 1 | O28: -3.4028235e+38 | P28: 3.4028235e+38 | Q28: -3.4028235e+38 | R28: 3.4028235e+38 | W28: HREG_0046_POA_W_per_m2
A29: 23 | B29: Available | C29: Holding Register | D29: POA temperature compensated | E29: 32-bit float | F29: 48 | H29: 40049 | M29: W/m2 | N29: 1 | O29: -3.4028235e+38 | P29: 3.4028235e+38 | Q29: -3.4028235e+38 | R29: 3.4028235e+38 | W29: HREG_0048_POA_temperature_compensated_W_per_m2
A30: 24 | B30: Available | C30: Holding Register | D30: POA temp | E30: 32-bit float | F30: 50 | H30: 40051 | M30: DegC | N30: 1 | O30: -3.4028235e+38 | P30: 3.4028235e+38 | Q30: -3.4028235e+38 | R30: 3.4028235e+38 | W30: HREG_0050_POA_temp_DegC
A31: 25 | B31: Available | C31: Holding Register | D31: GHI | E31: 32-bit float | F31: 52 | H31: 40053 | M31: W/m2 | N31: 1 | O31: -3.4028235e+38 | P31: 3.4028235e+38 | Q31: -3.4028235e+38 | R31: 3.4028235e+38 | W31: HREG_0052_GHI_W_per_m2
A32: 26 | B32: Available | C32: Holding Register | D32: GHI temperature compensated | E32: 32-bit float | F32: 54 | H32: 40055 | M32: W/m2 | N32: 1 | O32: -3.4028235e+38 | P32: 3.4028235e+38 | Q32: -3.4028235e+38 | R32: 3.4028235e+38 | W32: HREG_0054_GHI_temperature_compensated_W_per_m2
A33: 27 | B33: Available | C33: Holding Register | D33: GHI temp | E33: 32-bit float | F33: 56 | H33: 40057 | M33: DegC | N33: 1 | O33: -3.4028235e+38 | P33: 3.4028235e+38 | Q33: -3.4028235e+38 | R33: 3.4028235e+38 | W33: HREG_0056_GHI_temp_DegC
A34: 28 | B34: Available | C34: Holding Register | D34: Ambient temp | E34: 32-bit float | F34: 74 | H34: 40075 | M34: DegC | N34: 1 | O34: -3.4028235e+38 | P34: 3.4028235e+38 | Q34: -3.4028235e+38 | R34: 3.4028235e+38 | W34: HREG_0074_Ambient_temp_DegC
A35: 29 | B35: Available | C35: Holding Register | D35: Dew point | E35: 32-bit float | F35: 76 | H35: 40077 | M35: DegC | N35: 1 | O35: -3.4028235e+38 | P35: 3.4028235e+38 | Q35: -3.4028235e+38 | R35: 3.4028235e+38 | W35: HREG_0076_Dew_point_DegC
A36: 30 | B36: Available | C36: Holding Register | D36: RH | E36: 32-bit float | F36: 78 | H36: 40079 | M36: % | N36: 1 | O36: -3.4028235e+38 | P36: 3.4028235e+38 | Q36: -3.4028235e+38 | R36: 3.4028235e+38 | W36: HREG_0078_RH_pct
A37: 31 | B37: Available | C37: Holding Register | D37: Wind speed | E37: 32-bit float | F37: 80 | H37: 40081 | M37: m/s | N37: 1 | O37: -3.4028235e+38 | P37: 3.4028235e+38 | Q37: -3.4028235e+38 | R37: 3.4028235e+38 | W37: HREG_0080_Wind_speed_m_per_s
A38: 32 | B38: Available | C38: Holding Register | D38: Wind speed max | E38: 32-bit float | F38: 82 | H38: 40083 | M38: m/s | N38: 1 | O38: -3.4028235e+38 | P38: 3.4028235e+38 | Q38: -3.4028235e+38 | R38: 3.4028235e+38 | W38: HREG_0082_Wind_speed_max_m_per_s
... A117: 111 | B117: Available | C117: Holding Register | D117: RPOA hourly insolation | E117: 32-bit float | F117: 844 | H117: 40845 | M117: Wh/m2 | N117: 1 | O117: -3.4028235e+38 | P117: 3.4028235e+38 | Q117: -3.4028235e+38 | R117: 3.4028235e+38 | W117: HREG_0844_RPOA_hourly_insolation_Wh_per_m2
A118: 99 | B118: Available | C118: Holding Register | D118: Summary alarm | E118: 32-bit unsigned int | F118: 2000 | H118: 42001 | J118: On (1) | K118: Alarm | L118: Normal | W118: HREG_2000_Summary_alarm
A119: 100 | B119: Available | C119: Holding Register | D119: Data logger alarms register | E119: 32-bit unsigned int | F119: 2002 | H119: 42003 | M119: unitless | N119: 1 | W119: HREG_2002_Data_logger_alarms_register
A120: 101 | B120: Available | C120: Holding Register | D120: Data logger watchdog error | E120: Boolean | F120: 2002 | G120: 0 | H120: 42003 | J120: On (1) | K120: Alarm | L120: Normal | W120: HREG_2002_Data_logger_watchdog_error
A121: 102 | B121: Available | C121: Holding Register | D121: Data logger skipped main scan | E121: Boolean | F121: 2002 | G121: 1 | H121: 42003.1 | J121: On (1) | K121: Alarm | L121: Normal | W121: HREG_2002_Data_logger_skipped_main_scan
A122: 103 | B122: Available | C122: Holding Register | D122: Data logger skipped slow scan | E122: Boolean | F122: 2002 | G122: 2 | H122: 42003.2 | J122: On (1) | K122: Alarm | L122: Normal | W122: HREG_2002_Data_logger_skipped_slow_scan
A123: 104 | B123: Available | C123: Holding Register | D123: Data logger program variable out of bounds | E123: Boolean | F123: 2002 | G123: 3 | H123: 42003.3 | J123: On (1) | K123: Alarm | L123: Normal | W123: HREG_2002_Data_logger_program_variable_out_of_bounds
A124: 105 | B124: Available | C124: Holding Register | D124: Data logger low 12V | E124: Boolean | F124: 2002 | G124: 4 | H124: 42003.4 | J124: On (1) | K124: Alarm | L124: Normal | W124: HREG_2002_Data_logger_low_12V
A125: 106 | B125: Available | C125: Holding Register | D125: Data logger low 5V | E125: Boolean | F125: 2002 | G125: 5 | H125: 42003.5 | J125: On (1) | K125: Alarm | L125: Normal | W125: HREG_2002_Data_logger_low_5V
A126: 107 | B126: Available | C126: Holding Register | D126: Data logger lithium battery error | E126: Boolean | F126: 2002 | G126: 8 | H126: 42003.8 | J126: On (1) | K126: Alarm | L126: Normal | W126: HREG_2002_Data_logger_lithium_battery_error
A127: 108 | B127: Available | C127: Holding Register | D127: Data logger lithium battery low | E127: Boolean | F127: 2002 | G127: 9 | H127: 42003.9 | J127: On (1) | K127: Alarm | L127: Normal | W127: HREG_2002_Data_logger_lithium_battery_low
A128: 109 | B128: Available | C128: Holding Register | D128: Data logger lithium battery critical | E128: Boolean | F128: 2002 | G128: 10 | H128: 42003.1 | J128: On (1) | K128: Alarm | L128: Normal | W128: HREG_2002_Data_logger_lithium_battery_critical
A129: 110 | B129: Available | C129: Holding Register | D129: Data logger voltage error | E129: Boolean | F129: 2002 | G129: 16 | H129: 42003.16 | J129: On (1) | K129: Alarm | L129: Normal | W129: HREG_2002_Data_logger_voltage_error
A130: 111 | B130: Available | C130: Holding Register | D130: Data logger low voltage warning | E130: Boolean | F130: 2002 | G130: 17 | H130: 42003.17 | J130: On (1) | K130: Alarm | L130: Normal | W130: HREG_2002_Data_logger_low_voltage_warning
A131: 112 | B131: Available | C131: Holding Register | D131: Data logger low voltage | E131: Boolean | F131: 2002 | G131: 18 | H131: 42003.18 | J131: On (1) | K131: Alarm | L131: Normal | W131: HREG_2002_Data_logger_low_voltage
... A135: 116 | B135: Available | C135: Holding Register | D135: Data logger temperature above operating range | E135: Boolean | F135: 2002 | G135: 26 | H135: 42003.26 | J135: On (1) | K135: Alarm | L135: Normal | W135: HREG_2002_Data_logger_temperature_above_operating_range
A136: 117 | B136: Available | C136: Holding Register | D136: Battery alarms register | E136: 32-bit unsigned int | F136: 2004 | H136: 42005 | M136: unitless | N136: 1 | W136: HREG_2004_Battery_alarms_register
A137: 118 | B137: Available | C137: Holding Register | D137: Check battery | E137: Boolean | F137: 2004 | G137: 0 | H137: 42005 | J137: On (1) | K137: Alarm | L137: Normal | W137: HREG_2004_Check_battery
A138: 119 | B138: Available | C138: Holding Register | D138: Battery voltage error | E138: Boolean | F138: 2004 | G138: 8 | H138: 42005.8 | J138: On (1) | K138: Alarm | L138: Normal | W138: HREG_2004_Battery_voltage_error
A139: 120 | B139: Available | C139: Holding Register | D139: Low battery voltage warning | E139: Boolean | F139: 2004 | G139: 9 | H139: 42005.9 | J139: On (1) | K139: Alarm | L139: Normal | W139: HREG_2004_Low_battery_voltage_warning
A140: 121 | B140: Available | C140: Holding Register | D140: Low battery voltage critical | E140: Boolean | F140: 2004 | G140: 10 | H140: 42005.1 | J140: On (1) | K140: Alarm | L140: Normal | W140: HREG_2004_Low_battery_voltage_critical
A141: 122 | B141: Available | C141: Holding Register | D141: Low battery voltage deep discharge | E141: Boolean | F141: 2004 | G141: 11 | H141: 42005.11 | J141: On (1) | K141: Alarm | L141: Normal | W141: HREG_2004_Low_battery_voltage_deep_discharge
A142: 123 | B142: Available | C142: Holding Register | D142: Battery current error | E142: Boolean | F142: 2004 | G142: 16 | H142: 42005.16 | J142: On (1) | K142: Alarm | L142: Normal | W142: HREG_2004_Battery_current_error
A143: 124 | B143: Available | C143: Holding Register | D143: Excessive battery current warning | E143: Boolean | F143: 2004 | G143: 17 | H143: 42005.17 | J143: On (1) | K143: Alarm | L143: Normal | W143: HREG_2004_Excessive_battery_current_warning
A144: 125 | B144: Available | C144: Holding Register | D144: Excessive battery current critical | E144: Boolean | F144: 2004 | G144: 18 | H144: 42005.18 | J144: On (1) | K144: Alarm | L144: Normal | W144: HREG_2004_Excessive_battery_current_critical
A145: 126 | B145: Available | C145: Holding Register | D145: Charging alarms register | E145: 32-bit unsigned int | F145: 2006 | H145: 42007 | J145: On (1) | K145: Alarm | L145: Normal | W145: HREG_2006_Charging_alarms_register
A146: 127 | B146: Available | C146: Holding Register | D146: Input voltage error | E146: Boolean | F146: 2006 | G146: 0 | H146: 42007 | J146: On (1) | K146: Alarm | L146: Normal | W146: HREG_2006_Input_voltage_error
A147: 128 | B147: Available | C147: Holding Register | D147: Rpu enabled | E147: Boolean | F147: 2006 | G147: 1 | H147: 42007.1 | J147: On (1) | K147: Alarm | L147: Normal | W147: HREG_2006_Rpu_enabled
A148: 129 | B148: Available | C148: Holding Register | D148: Input current error | E148: Boolean | F148: 2006 | G148: 8 | H148: 42007.8 | J148: On (1) | K148: Alarm | L148: Normal | W148: HREG_2006_Input_current_error
A149: 130 | B149: Available | C149: Holding Register | D149: Excessive input current | E149: Boolean | F149: 2006 | G149: 9 | H149: 42007.9 | J149: On (1) | K149: Alarm | L149: Normal | W149: HREG_2006_Excessive_input_current
A150: 131 | B150: Available | C150: Holding Register | D150: Load current error | E150: Boolean | F150: 2006 | G150: 16 | H150: 42007.16 | J150: On (1) | K150: Alarm | L150: Normal | W150: HREG_2006_Load_current_error
A151: 132 | B151: Available | C151: Holding Register | D151: Excessive load current warning | E151: Boolean | F151: 2006 | G151: 17 | H151: 42007.17 | J151: On (1) | K151: Alarm | L151: Normal | W151: HREG_2006_Excessive_load_current_warning
A152: 133 | B152: Available | C152: Holding Register | D152: Excessive load current | E152: Boolean | F152: 2006 | G152: 18 | H152: 42007.18 | J152: On (1) | K152: Alarm | L152: Normal | W152: HREG_2006_Excessive_load_current
A153: 134 | B153: Available | C153: Holding Register | D153: GHI 1 alarms register | E153: 32-bit unsigned int | F153: 2018 | H153: 42019 | M153: unitless | N153: 1 | W153: HREG_2018_GHI_alarms_register
A154: 135 | B154: Available | C154: Holding Register | D154: GHI 1 irradiance error | E154: Boolean | F154: 2018 | G154: 0 | H154: 42019 | J154: On (1) | K154: Alarm | L154: Normal | W154: HREG_2018_GHI_irradiance_error
A155: 136 | B155: Available | C155: Holding Register | D155: GHI 1 irradiance negative | E155: Boolean | F155: 2018 | G155: 1 | H155: 42019.1 | J155: On (1) | K155: Alarm | L155: Normal | W155: HREG_2018_GHI_irradiance_negative
A156: 137 | B156: Available | C156: Holding Register | D156: GHI 1 irradiance above solar constant | E156: Boolean | F156: 2018 | G156: 2 | H156: 42019.2 | J156: On (1) | K156: Alarm | L156: Normal | W156: HREG_2018_GHI_irradiance_above_solar_constant
A157: 138 | B157: Available | C157: Holding Register | D157: GHI 1 temperature corrected irradiance error | E157: Boolean | F157: 2018 | G157: 8 | H157: 42019.8 | J157: On (1) | K157: Alarm | L157: Normal | W157: HREG_2018_GHI_temperature_corrected_irradiance_error
A158: 139 | B158: Available | C158: Holding Register | D158: GHI 1 temperature corrected irradiance negative | E158: Boolean | F158: 2018 | G158: 9 | H158: 42019.9 | J158: On (1) | K158: Alarm | L158: Normal | W158: HREG_2018_GHI_temperature_corrected_irradiance_negative
A159: 140 | B159: Available | C159: Holding Register | D159: GHI 1 temperature corrected irradiance above solar constant | E159: Boolean | F159: 2018 | G159: 10 | H159: 42019.1 | J159: On (1) | K159: Alarm | L159: Normal | W159: HREG_2018_GHI_temperature_corrected_irradiance_above_solar_constant
A160: 141 | B160: Available | C160: Holding Register | D160: GHI 1 case temperature error | E160: Boolean | F160: 2018 | G160: 16 | H160: 42019.16 | J160: On (1) | K160: Alarm | L160: Normal | W160: HREG_2018_GHI_case_temperature_error
A161: 142 | B161: Available | C161: Holding Register | D161: GHI 1 case temperature below operating range | E161: Boolean | F161: 2018 | G161: 17 | H161: 42019.17 | J161: On (1) | K161: Alarm | L161: Normal | W161: HREG_2018_GHI_case_temperature_below_operating_range
A162: 143 | B162: Available | C162: Holding Register | D162: GHI 1 case temperature above operating range | E162: Boolean | F162: 2018 | G162: 18 | H162: 42019.18 | J162: On (1) | K162: Alarm | L162: Normal | W162: HREG_2018_GHI_case_temperature_above_operating_range
A163: 144 | B163: Available | C163: Holding Register | D163: POA alarms register | E163: 32-bit unsigned int | F163: 2020 | H163: 42021 | M163: unitless | N163: 1 | W163: HREG_2020_POA_alarms_register
A164: 145 | B164: Available | C164: Holding Register | D164: POA irradiance error | E164: Boolean | F164: 2020 | G164: 0 | H164: 42021 | J164: On (1) | K164: Alarm | L164: Normal | W164: HREG_2020_POA_irradiance_error
A165: 146 | B165: Available | C165: Holding Register | D165: POA irradiance negative | E165: Boolean | F165: 2020 | G165: 1 | H165: 42021.1 | J165: On (1) | K165: Alarm | L165: Normal | W165: HREG_2020_POA_irradiance_negative
A166: 147 | B166: Available | C166: Holding Register | D166: POA irradiance above solar constant | E166: Boolean | F166: 2020 | G166: 2 | H166: 42021.2 | J166: On (1) | K166: Alarm | L166: Normal | W166: HREG_2020_POA_irradiance_above_solar_constant
A167: 148 | B167: Available | C167: Holding Register | D167: POA temperature corrected irradiance error | E167: Boolean | F167: 2020 | G167: 8 | H167: 42021.8 | J167: On (1) | K167: Alarm | L167: Normal | W167: HREG_2020_POA_temperature_corrected_irradiance_error
A168: 149 | B168: Available | C168: Holding Register | D168: POA temperature corrected irradiance negative | E168: Boolean | F168: 2020 | G168: 9 | H168: 42021.9 | J168: On (1) | K168: Alarm | L168: Normal | W168: HREG_2020_POA_temperature_corrected_irradiance_negative
A169: 150 | B169: Available | C169: Holding Register | D169: POA temperature corrected irradiance above solar constant | E169: Boolean | F169: 2020 | G169: 10 | H169: 42021.1 | J169: On (1) | K169: Alarm | L169: Normal | W169: HREG_2020_POA_temperature_corrected_irradiance_above_solar_constant
A170: 151 | B170: Available | C170: Holding Register | D170: POA case temperature error | E170: Boolean | F170: 2020 | G170: 16 | H170: 42021.16 | J170: On (1) | K170: Alarm | L170: Normal | W170: HREG_2020_POA_case_temperature_error
A171: 152 | B171: Available | C171: Holding Register | D171: POA case temperature below operating range | E171: Boolean | F171: 2020 | G171: 17 | H171: 42021.17 | J171: On (1) | K171: Alarm | L171: Normal | W171: HREG_2020_POA_case_temperature_below_operating_range
A172: 153 | B172: Available | C172: Holding Register | D172: POA case temperature above operating range | E172: Boolean | F172: 2020 | G172: 18 | H172: 42021.18 | J172: On (1) | K172: Alarm | L172: Normal | W172: HREG_2020_POA_case_temperature_above_operating_range
A173: 154 | B173: Available | C173: Holding Register | D173: Multifunction alarms register | E173: 32-bit unsigned int | F173: 2038 | H173: 42039 | M173: unitless | N173: 1 | W173: HREG_2038_Multifunction_alarms_register
A174: 155 | B174: Available | C174: Holding Register | D174: Ambient temperature error | E174: Boolean | F174: 2038 | G174: 0 | H174: 42039 | J174: On (1) | K174: Alarm | L174: Normal | W174: HREG_2038_Ambient_temperature_error
A175: 156 | B175: Available | C175: Holding Register | D175: Ambient temperature below operating range | E175: Boolean | F175: 2038 | G175: 1 | H175: 42039.1 | J175: On (1) | K175: Alarm | L175: Normal | W175: HREG_2038_Ambient_temperature_below_operating_range
A176: 157 | B176: Available | C176: Holding Register | D176: Ambient temperature above operating range | E176: Boolean | F176: 2038 | G176: 2 | H176: 42039.2 | J176: On (1) | K176: Alarm | L176: Normal | W176: HREG_2038_Ambient_temperature_above_operating_range
A177: 158 | B177: Available | C177: Holding Register | D177: Dew point error | E177: Boolean | F177: 2038 | G177: 3 | H177: 42039.3 | J177: On (1) | K177: Alarm | L177: Normal | W177: HREG_2038_Dew_point_error
A178: 159 | B178: Available | C178: Holding Register | D178: Dew point above ambient temperature | E178: Boolean | F178: 2038 | G178: 4 | H178: 42039.4 | J178: On (1) | K178: Alarm | L178: Normal | W178: HREG_2038_Dew_point_above_ambient_temperature
A179: 160 | B179: Available | C179: Holding Register | D179: Condensation warning | E179: Boolean | F179: 2038 | G179: 5 | H179: 42039.5 | J179: On (1) | K179: Alarm | L179: Normal | W179: HREG_2038_Condensation_warning
A180: 161 | B180: Available | C180: Holding Register | D180: Relative humidity error | E180: Boolean | F180: 2038 | G180: 8 | H180: 42039.8 | J180: On (1) | K180: Alarm | L180: Normal | W180: HREG_2038_Relative_humidity_error
A181: 162 | B181: Available | C181: Holding Register | D181: Relative humidity below operating range | E181: Boolean | F181: 2038 | G181: 9 | H181: 42039.9 | J181: On (1) | K181: Alarm | L181: Normal | W181: HREG_2038_Relative_humidity_below_operating_range
...

Sheet Met Tower ALB to Ignition
A1: Speedway | G1: Modbus | K1: Met Tower with Albedometer to Ignition
A2: Last updated | C2: 45683 | D2: Device Type | E2: Groundwork Zenith | K2: The scalar is the multiplier to put the actual measurement value on the wire, and the divisor to take the actual measurement value off the wire.
A3: Index digits in name | C3: 4 | D3: Subsystem / Zone | E3: Environmental
A4: Device Register Base | C4: 1
A5: Register Digits | C5: 5
A6: List Index | B6: Availability | C6: Modbus Table | D6: Point Description | E6: Data Type | F6: RTAC Modbus index | G6: Modbus Bit | H6: Modbus Register | I6: Device Point Name | J6: Alarm State | K6: On (1) State | L6: Off (0) State | M6: Units | N6: Scalar | O6: Min Count | P6: Max Count | Q6: Min Value | R6: Max Value | S6: Analog Alarm Limits | T6: Alarm Profile | U6: Historian Profile | V6: HMI Category | W6: RTAC Point Name | X6: Enumeration Table | Y6: Comments
A7: 1 | B7: Available | C7: Holding Register | D7: Scan count | E7: 32-bit float | F7: 0 | H7: 40001 | M7: s | N7: 1 | O7: -3.4028235e+38 | P7: 3.4028235e+38 | Q7: =IFERROR(Table3335466[[#This Row],[Min Count]]/Table3335466[[#This Row],[Scalar]],"") -> -3.4028235e+38 | R7: =IFERROR(Table3335466[[#This Row],[Max Count]]/Table3335466[[#This Row],[Scalar]],"") -> 3.4028235e+38 | W7: HREG_0000_Scan_count_s
A8: 2 | B8: Available | C8: Holding Register | D8: Skipped scans | E8: 32-bit float | F8: 2 | H8: 40002 | M8: count | N8: 1 | O8: -3.4028235e+38 | P8: 3.4028235e+38 | Q8: =IFERROR(Table3335466[[#This Row],[Min Count]]/Table3335466[[#This Row],[Scalar]],"") -> -3.4028235e+38 | R8: =IFERROR(Table3335466[[#This Row],[Max Count]]/Table3335466[[#This Row],[Scalar]],"") -> 3.4028235e+38 | W8: HREG_0002_Skipped_scans_count
A9: 3 | B9: Available | C9: Holding Register | D9: Logger voltage | E9: 32-bit float | F9: 4 | H9: 40003 | M9: V | N9: 1 | O9: -3.4028235e+38 | P9: 3.4028235e+38 | Q9: =IFERROR(Table3335466[[#This Row],[Min Count]]/Table3335466[[#This Row],[Scalar]],"") -> -3.4028235e+38 | R9: =IFERROR(Table3335466[[#This Row],[Max Count]]/Table3335466[[#This Row],[Scalar]],"") -> 3.4028235e+38 | W9: HREG_0004_Logger_voltage_V
A10: 4 | B10: Available | C10: Holding Register | D10: Logger temp | E10: 32-bit float | F10: 6 | H10: 40004 | M10: DegC | N10: 1 | O10: -3.4028235e+38 | P10: 3.4028235e+38 | Q10: =IFERROR(Table3335466[[#This Row],[Min Count]]/Table3335466[[#This Row],[Scalar]],"") -> -3.4028235e+38 | R10: =IFERROR(Table3335466[[#This Row],[Max Count]]/Table3335466[[#This Row],[Scalar]],"") -> 3.4028235e+38 | W10: HREG_0006_Logger_temp_DegC
A11: 5 | B11: Available | C11: Holding Register | D11: Skipped slow scans | E11: 32-bit float | F11: 8 | H11: 40005 | M11: count | N11: 1 | O11: -3.4028235e+38 | P11: 3.4028235e+38 | Q11: =IFERROR(Table3335466[[#This Row],[Min Count]]/Table3335466[[#This Row],[Scalar]],"") -> -3.4028235e+38 | R11: =IFERROR(Table3335466[[#This Row],[Max Count]]/Table3335466[[#This Row],[Scalar]],"") -> 3.4028235e+38 | W11: HREG_0008_Skipped_slow_scans_count
A12: 6 | B12: Available | C12: Holding Register | D12: Logger lithium | E12: 32-bit float | F12: 10 | H12: 40006 | M12: V | N12: 1 | O12: -3.4028235e+38 | P12: 3.4028235e+38 | Q12: =IFERROR(Table3335466[[#This Row],[Min Count]]/Table3335466[[#This Row],[Scalar]],"") -> -3.4028235e+38 | R12: =IFERROR(Table3335466[[#This Row],[Max Count]]/Table3335466[[#This Row],[Scalar]],"") -> 3.4028235e+38 | W12: HREG_0010_Logger_lithium_V
A13: 7 | B13: Available | C13: Holding Register | D13: Logger low volt 12 | E13: 32-bit float | F13: 12 | H13: 40007 | M13: count | N13: 1 | O13: -3.4028235e+38 | P13: 3.4028235e+38 | Q13: =IFERROR(Table3335466[[#This Row],[Min Count]]/Table3335466[[#This Row],[Scalar]],"") -> -3.4028235e+38 | R13: =IFERROR(Table3335466[[#This Row],[Max Count]]/Table3335466[[#This Row],[Scalar]],"") -> 3.4028235e+38 | W13: HREG_0012_Logger_low_volt_12_count
A14: 8 | B14: Available | C14: Holding Register | D14: Solar zenith | E14: 32-bit float | F14: 16 | H14: 40008 | M14: degrees | N14: 1 | O14: -3.4028235e+38 | P14: 3.4028235e+38 | Q14: =IFERROR(Table3335466[[#This Row],[Min Count]]/Table3335466[[#This Row],[Scalar]],"") -> -3.4028235e+38 | R14: =IFERROR(Table3335466[[#This Row],[Max Count]]/Table3335466[[#This Row],[Scalar]],"") -> 3.4028235e+38 | W14: HREG_0016_Solar_zenith_degrees
A15: 9 | B15: Available | C15: Holding Register | D15: Solar elevation | E15: 32-bit float | F15: 18 | H15: 40009 | M15: degrees | N15: 1 | O15: -3.4028235e+38 | P15: 3.4028235e+38 | Q15: =IFERROR(Table3335466[[#This Row],[Min Count]]/Table3335466[[#This Row],[Scalar]],"") -> -3.4028235e+38 | R15: =IFERROR(Table3335466[[#This Row],[Max Count]]/Table3335466[[#This Row],[Scalar]],"") -> 3.4028235e+38 | W15: HREG_0018_Solar_elevation_degrees
A16: 10 | B16: Available | C16: Holding Register | D16: Solar azimuth | E16: 32-bit float | F16: 20 | H16: 40010 | M16: degrees | N16: 1 | O16: -3.4028235e+38 | P16: 3.4028235e+38 | Q16: =IFERROR(Table3335466[[#This Row],[Min Count]]/Table3335466[[#This Row],[Scalar]],"") -> -3.4028235e+38 | R16: =IFERROR(Table3335466[[#This Row],[Max Count]]/Table3335466[[#This Row],[Scalar]],"") -> 3.4028235e+38 | W16: HREG_0020_Solar_azimuth_degrees
A17: 11 | B17: Available | C17: Holding Register | D17: Heat state | E17: 32-bit float | F17: 22 | H17: 40011 | K17: On | L17: Off | M17: boolean | N17: 1 | O17: -3.4028235e+38 | P17: 3.4028235e+38 | Q17: =IFERROR(Table3335466[[#This Row],[Min Count]]/Table3335466[[#This Row],[Scalar]],"") -> -3.4028235e+38 | R17: =IFERROR(Table3335466[[#This Row],[Max Count]]/Table3335466[[#This Row],[Scalar]],"") -> 3.4028235e+38 | W17: HREG_0022_Heat_state_boolean
A18: 12 | B18: Available | C18: Holding Register | D18: Logger data map version | E18: 32-bit float | F18: 24 | H18: 40012 | M18: unitless | N18: 1 | O18: -3.4028235e+38 | P18: 3.4028235e+38 | Q18: =IFERROR(Table3335466[[#This Row],[Min Count]]/Table3335466[[#This Row],[Scalar]],"") -> -3.4028235e+38 | R18: =IFERROR(Table3335466[[#This Row],[Max Count]]/Table3335466[[#This Row],[Scalar]],"") -> 3.4028235e+38 | W18: HREG_0024_Logger_data_map_version
A19: 13 | B19: Available | C19: Holding Register | D19: Maint event | E19: 32-bit float | F19: 26 | H19: 40013 | K19: On | L19: Off | M19: boolean | N19: 1 | O19: -3.4028235e+38 | P19: 3.4028235e+38 | Q19: =IFERROR(Table3335466[[#This Row],[Min Count]]/Table3335466[[#This Row],[Scalar]],"") -> -3.4028235e+38 | R19: =IFERROR(Table3335466[[#This Row],[Max Count]]/Table3335466[[#This Row],[Scalar]],"") -> 3.4028235e+38 | W19: HREG_0026_Maint_event_boolean
A20: 14 | C20: Holding Register | D20: Logger AC power | E20: 32-bit float | F20: 28 | H20: 40014 | K20: On | L20: Off | M20: boolean | N20: 1 | O20: -3.4028235e+38 | P20: 3.4028235e+38 | Q20: =IFERROR(Table3335466[[#This Row],[Min Count]]/Table3335466[[#This Row],[Scalar]],"") -> -3.4028235e+38 | R20: =IFERROR(Table3335466[[#This Row],[Max Count]]/Table3335466[[#This Row],[Scalar]],"") -> 3.4028235e+38 | W20: HREG_0028_Logger_AC_power_boolean
A21: 15 | B21: Available | C21: Holding Register | D21: Batt voltage | E21: 32-bit float | F21: 30 | H21: 40015 | M21: V | N21: 1 | O21: -3.4028235e+38 | P21: 3.4028235e+38 | Q21: =IFERROR(Table3335466[[#This Row],[Min Count]]/Table3335466[[#This Row],[Scalar]],"") -> -3.4028235e+38 | R21: =IFERROR(Table3335466[[#This Row],[Max Count]]/Table3335466[[#This Row],[Scalar]],"") -> 3.4028235e+38 | W21: HREG_0030_Batt_voltage_V
A22: 16 | B22: Available | C22: Holding Register | D22: Batt current | E22: 32-bit float | F22: 32 | H22: 40016 | M22: A | N22: 1 | O22: -3.4028235e+38 | P22: 3.4028235e+38 | Q22: =IFERROR(Table3335466[[#This Row],[Min Count]]/Table3335466[[#This Row],[Scalar]],"") -> -3.4028235e+38 | R22: =IFERROR(Table3335466[[#This Row],[Max Count]]/Table3335466[[#This Row],[Scalar]],"") -> 3.4028235e+38 | W22: HREG_0032_Batt_current_A
A23: 17 | B23: Available | C23: Holding Register | D23: Load current | E23: 32-bit float | F23: 34 | H23: 40017 | M23: A | N23: 1 | O23: -3.4028235e+38 | P23: 3.4028235e+38 | Q23: =IFERROR(Table3335466[[#This Row],[Min Count]]/Table3335466[[#This Row],[Scalar]],"") -> -3.4028235e+38 | R23: =IFERROR(Table3335466[[#This Row],[Max Count]]/Table3335466[[#This Row],[Scalar]],"") -> 3.4028235e+38 | W23: HREG_0034_Load_current_A
A24: 18 | B24: Available | C24: Holding Register | D24: Input voltage 1 | E24: 32-bit float | F24: 36 | H24: 40018 | M24: V | N24: 1 | O24: -3.4028235e+38 | P24: 3.4028235e+38 | Q24: =IFERROR(Table3335466[[#This Row],[Min Count]]/Table3335466[[#This Row],[Scalar]],"") -> -3.4028235e+38 | R24: =IFERROR(Table3335466[[#This Row],[Max Count]]/Table3335466[[#This Row],[Scalar]],"") -> 3.4028235e+38 | W24: HREG_0036_Input_voltage_1_V
A25: 19 | B25: Available | C25: Holding Register | D25: Input current | E25: 32-bit float | F25: 38 | H25: 40019 | M25: A | N25: 1 | O25: -3.4028235e+38 | P25: 3.4028235e+38 | Q25: =IFERROR(Table3335466[[#This Row],[Min Count]]/Table3335466[[#This Row],[Scalar]],"") -> -3.4028235e+38 | R25: =IFERROR(Table3335466[[#This Row],[Max Count]]/Table3335466[[#This Row],[Scalar]],"") -> 3.4028235e+38 | W25: HREG_0038_Input_current_A
A26: 20 | B26: Available | C26: Holding Register | D26: Chargesource | E26: 32-bit float | F26: 40 | H26: 40020 | M26: unitless | N26: 1 | O26: -3.4028235e+38 | P26: 3.4028235e+38 | Q26: =IFERROR(Table3335466[[#This Row],[Min Count]]/Table3335466[[#This Row],[Scalar]],"") -> -3.4028235e+38 | R26: =IFERROR(Table3335466[[#This Row],[Max Count]]/Table3335466[[#This Row],[Scalar]],"") -> 3.4028235e+38 | W26: HREG_0040_Chargesource
A27: 21 | B27: Available | C27: Holding Register | D27: Checkbattery | E27: 32-bit float | F27: 42 | H27: 40021 | M27: unitless | N27: 1 | O27: -3.4028235e+38 | P27: 3.4028235e+38 | Q27: =IFERROR(Table3335466[[#This Row],[Min Count]]/Table3335466[[#This Row],[Scalar]],"") -> -3.4028235e+38 | R27: =IFERROR(Table3335466[[#This Row],[Max Count]]/Table3335466[[#This Row],[Scalar]],"") -> 3.4028235e+38 | W27: HREG_0042_Checkbattery
A28: 22 | B28: Available | C28: Holding Register | D28: Input voltage 2 | E28: 32-bit float | F28: 44 | H28: 40022 | M28: V | N28: 1 | O28: -3.4028235e+38 | P28: 3.4028235e+38 | Q28: =IFERROR(Table3335466[[#This Row],[Min Count]]/Table3335466[[#This Row],[Scalar]],"") -> -3.4028235e+38 | R28: =IFERROR(Table3335466[[#This Row],[Max Count]]/Table3335466[[#This Row],[Scalar]],"") -> 3.4028235e+38 | W28: HREG_0044_Input_voltage_2_V
A29: 23 | B29: Available | C29: Holding Register | D29: POA | E29: 32-bit float | F29: 46 | H29: 40023 | M29: W/m2 | N29: 1 | O29: -3.4028235e+38 | P29: 3.4028235e+38 | Q29: =IFERROR(Table3335466[[#This Row],[Min Count]]/Table3335466[[#This Row],[Scalar]],"") -> -3.4028235e+38 | R29: =IFERROR(Table3335466[[#This Row],[Max Count]]/Table3335466[[#This Row],[Scalar]],"") -> 3.4028235e+38 | W29: HREG_0046_POA_W_per_m2
A30: 24 | B30: Available | C30: Holding Register | D30: POA temperature compensated | E30: 32-bit float | F30: 48 | H30: 40024 | M30: W/m2 | N30: 1 | O30: -3.4028235e+38 | P30: 3.4028235e+38 | Q30: =IFERROR(Table3335466[[#This Row],[Min Count]]/Table3335466[[#This Row],[Scalar]],"") -> -3.4028235e+38 | R30: =IFERROR(Table3335466[[#This Row],[Max Count]]/Table3335466[[#This Row],[Scalar]],"") -> 3.4028235e+38 | W30: HREG_0048_POA_temperature_compensated_W_per_m2
A31: 25 | B31: Available | C31: Holding Register | D31: POA temp | E31: 32-bit float | F31: 50 | H31: 40025 | M31: DegC | N31: 1 | O31: -3.4028235e+38 | P31: 3.4028235e+38 | Q31: =IFERROR(Table3335466[[#This Row],[Min Count]]/Table3335466[[#This Row],[Scalar]],"") -> -3.4028235e+38 | R31: =IFERROR(Table3335466[[#This Row],[Max Count]]/Table3335466[[#This Row],[Scalar]],"") -> 3.4028235e+38 | W31: HREG_0050_POA_temp_DegC
A32: 26 | B32: Available | C32: Holding Register | D32: GHI 1 | E32: 32-bit float | F32: 52 | H32: 40026 | M32: W/m2 | N32: 1 | O32: -3.4028235e+38 | P32: 3.4028235e+38 | Q32: =IFERROR(Table3335466[[#This Row],[Min Count]]/Table3335466[[#This Row],[Scalar]],"") -> -3.4028235e+38 | R32: =IFERROR(Table3335466[[#This Row],[Max Count]]/Table3335466[[#This Row],[Scalar]],"") -> 3.4028235e+38 | W32: HREG_0052_GHI_1_W_per_m2
... A119: 113 | B119: Available | C119: Holding Register | D119: Modeled POA | E119: 32-bit float | F119: 804 | H119: 40113 | M119: W/m2 | N119: 1 | O119: -3.4028235e+38 | P119: 3.4028235e+38 | Q119: =IFERROR(Table3335466[[#This Row],[Min Count]]/Table3335466[[#This Row],[Scalar]],"") -> -3.4028235e+38 | R119: =IFERROR(Table3335466[[#This Row],[Max Count]]/Table3335466[[#This Row],[Scalar]],"") -> 3.4028235e+38 | W119: HREG_0804_Modeled_POA_W_per_m2
A120: 114 | B120: Available | C120: Holding Register | D120: Summary alarm | E120: 32-bit unsigned int | F120: 2000 | H120: 40114 | J120: On (1) | K120: Alarm | L120: Normal | Q120: =IFERROR(Table3335466[[#This Row],[Min Count]]/Table3335466[[#This Row],[Scalar]],"") | R120: =IFERROR(Table3335466[[#This Row],[Max Count]]/Table3335466[[#This Row],[Scalar]],"") | W120: HREG_2000_Summary_alarm
A121: 115 | B121: Available | C121: Holding Register | D121: Data logger alarms register | E121: 32-bit unsigned int | F121: 2002 | H121: 40115 | M121: unitless | N121: 1 | Q121: =IFERROR(Table3335466[[#This Row],[Min Count]]/Table3335466[[#This Row],[Scalar]],"") | R121: =IFERROR(Table3335466[[#This Row],[Max Count]]/Table3335466[[#This Row],[Scalar]],"") | W121: HREG_2002_Data_logger_alarms_register
A122: 116 | B122: Available | C122: Holding Register | D122: Data logger watchdog error | E122: Boolean | F122: 2002 | G122: 0 | H122: 40116 | J122: On (1) | K122: Alarm | L122: Normal | Q122: =IFERROR(Table3335466[[#This Row],[Min Count]]/Table3335466[[#This Row],[Scalar]],"") | R122: =IFERROR(Table3335466[[#This Row],[Max Count]]/Table3335466[[#This Row],[Scalar]],"") | W122: HREG_2002_Data_logger_watchdog_error
A123: 117 | B123: Available | C123: Holding Register | D123: Data logger skipped main scan | E123: Boolean | F123: 2002 | G123: 1 | H123: 40117 | J123: On (1) | K123: Alarm | L123: Normal | Q123: =IFERROR(Table3335466[[#This Row],[Min Count]]/Table3335466[[#This Row],[Scalar]],"") | R123: =IFERROR(Table3335466[[#This Row],[Max Count]]/Table3335466[[#This Row],[Scalar]],"") | W123: HREG_2002_Data_logger_skipped_main_scan
A124: 118 | B124: Available | C124: Holding Register | D124: Data logger skipped slow scan | E124: Boolean | F124: 2002 | G124: 2 | H124: 40118 | J124: On (1) | K124: Alarm | L124: Normal | Q124: =IFERROR(Table3335466[[#This Row],[Min Count]]/Table3335466[[#This Row],[Scalar]],"") | R124: =IFERROR(Table3335466[[#This Row],[Max Count]]/Table3335466[[#This Row],[Scalar]],"") | W124: HREG_2002_Data_logger_skipped_slow_scan
A125: 119 | B125: Available | C125: Holding Register | D125: Data logger program variable out of bounds | E125: Boolean | F125: 2002 | G125: 3 | H125: 40119 | J125: On (1) | K125: Alarm | L125: Normal | Q125: =IFERROR(Table3335466[[#This Row],[Min Count]]/Table3335466[[#This Row],[Scalar]],"") | R125: =IFERROR(Table3335466[[#This Row],[Max Count]]/Table3335466[[#This Row],[Scalar]],"") | W125: HREG_2002_Data_logger_program_variable_out_of_bounds
A126: 120 | B126: Available | C126: Holding Register | D126: Data logger low 12V | E126: Boolean | F126: 2002 | G126: 4 | H126: 40120 | J126: On (1) | K126: Alarm | L126: Normal | Q126: =IFERROR(Table3335466[[#This Row],[Min Count]]/Table3335466[[#This Row],[Scalar]],"") | R126: =IFERROR(Table3335466[[#This Row],[Max Count]]/Table3335466[[#This Row],[Scalar]],"") | W126: HREG_2002_Data_logger_low_12V
A127: 121 | B127: Available | C127: Holding Register | D127: Data logger low 5V | E127: Boolean | F127: 2002 | G127: 5 | H127: 40121 | J127: On (1) | K127: Alarm | L127: Normal | Q127: =IFERROR(Table3335466[[#This Row],[Min Count]]/Table3335466[[#This Row],[Scalar]],"") | R127: =IFERROR(Table3335466[[#This Row],[Max Count]]/Table3335466[[#This Row],[Scalar]],"") | W127: HREG_2002_Data_logger_low_5V
A128: 122 | B128: Available | C128: Holding Register | D128: Data logger lithium battery error | E128: Boolean | F128: 2002 | G128: 8 | H128: 40122 | J128: On (1) | K128: Alarm | L128: Normal | Q128: =IFERROR(Table3335466[[#This Row],[Min Count]]/Table3335466[[#This Row],[Scalar]],"") | R128: =IFERROR(Table3335466[[#This Row],[Max Count]]/Table3335466[[#This Row],[Scalar]],"") | W128: HREG_2002_Data_logger_lithium_battery_error
A129: 123 | B129: Available | C129: Holding Register | D129: Data logger lithium battery low | E129: Boolean | F129: 2002 | G129: 9 | H129: 40123 | J129: On (1) | K129: Alarm | L129: Normal | Q129: =IFERROR(Table3335466[[#This Row],[Min Count]]/Table3335466[[#This Row],[Scalar]],"") | R129: =IFERROR(Table3335466[[#This Row],[Max Count]]/Table3335466[[#This Row],[Scalar]],"") | W129: HREG_2002_Data_logger_lithium_battery_low
A130: 124 | B130: Available | C130: Holding Register | D130: Data logger lithium battery critical | E130: Boolean | F130: 2002 | G130: 10 | H130: 40124 | J130: On (1) | K130: Alarm | L130: Normal | Q130: =IFERROR(Table3335466[[#This Row],[Min Count]]/Table3335466[[#This Row],[Scalar]],"") | R130: =IFERROR(Table3335466[[#This Row],[Max Count]]/Table3335466[[#This Row],[Scalar]],"") | W130: HREG_2002_Data_logger_lithium_battery_critical
A131: 125 | B131: Available | C131: Holding Register | D131: Data logger voltage error | E131: Boolean | F131: 2002 | G131: 16 | H131: 40125 | J131: On (1) | K131: Alarm | L131: Normal | Q131: =IFERROR(Table3335466[[#This Row],[Min Count]]/Table3335466[[#This Row],[Scalar]],"") | R131: =IFERROR(Table3335466[[#This Row],[Max Count]]/Table3335466[[#This Row],[Scalar]],"") | W131: HREG_2002_Data_logger_voltage_error
A132: 126 | B132: Available | C132: Holding Register | D132: Data logger low voltage warning | E132: Boolean | F132: 2002 | G132: 17 | H132: 40126 | J132: On (1) | K132: Alarm | L132: Normal | Q132: =IFERROR(Table3335466[[#This Row],[Min Count]]/Table3335466[[#This Row],[Scalar]],"") | R132: =IFERROR(Table3335466[[#This Row],[Max Count]]/Table3335466[[#This Row],[Scalar]],"") | W132: HREG_2002_Data_logger_low_voltage_warning
A133: 127 | B133: Available | C133: Holding Register | D133: Data logger low voltage | E133: Boolean | F133: 2002 | G133: 18 | H133: 40127 | J133: On (1) | K133: Alarm | L133: Normal | Q133: =IFERROR(Table3335466[[#This Row],[Min Count]]/Table3335466[[#This Row],[Scalar]],"") | R133: =IFERROR(Table3335466[[#This Row],[Max Count]]/Table3335466[[#This Row],[Scalar]],"") | W133: HREG_2002_Data_logger_low_voltage
... A137: 131 | B137: Available | C137: Holding Register | D137: Data logger temperature above operating range | E137: Boolean | F137: 2002 | G137: 26 | H137: 40131 | J137: On (1) | K137: Alarm | L137: Normal | Q137: =IFERROR(Table3335466[[#This Row],[Min Count]]/Table3335466[[#This Row],[Scalar]],"") | R137: =IFERROR(Table3335466[[#This Row],[Max Count]]/Table3335466[[#This Row],[Scalar]],"") | W137: HREG_2002_Data_logger_temperature_above_operating_range
A138: 132 | B138: Available | C138: Holding Register | D138: Battery alarms register | E138: 32-bit unsigned int | F138: 2004 | H138: 40132 | M138: unitless | N138: 1 | Q138: =IFERROR(Table3335466[[#This Row],[Min Count]]/Table3335466[[#This Row],[Scalar]],"") | R138: =IFERROR(Table3335466[[#This Row],[Max Count]]/Table3335466[[#This Row],[Scalar]],"") | W138: HREG_2004_Battery_alarms_register
A139: 133 | B139: Available | C139: Holding Register | D139: Check battery | E139: Boolean | F139: 2004 | G139: 0 | H139: 40133 | J139: On (1) | K139: Alarm | L139: Normal | Q139: =IFERROR(Table3335466[[#This Row],[Min Count]]/Table3335466[[#This Row],[Scalar]],"") | R139: =IFERROR(Table3335466[[#This Row],[Max Count]]/Table3335466[[#This Row],[Scalar]],"") | W139: HREG_2004_Check_battery
A140: 134 | B140: Available | C140: Holding Register | D140: Battery voltage error | E140: Boolean | F140: 2004 | G140: 8 | H140: 40134 | J140: On (1) | K140: Alarm | L140: Normal | Q140: =IFERROR(Table3335466[[#This Row],[Min Count]]/Table3335466[[#This Row],[Scalar]],"") | R140: =IFERROR(Table3335466[[#This Row],[Max Count]]/Table3335466[[#This Row],[Scalar]],"") | W140: HREG_2004_Battery_voltage_error
A141: 135 | B141: Available | C141: Holding Register | D141: Low battery voltage warning | E141: Boolean | F141: 2004 | G141: 9 | H141: 40135 | J141: On (1) | K141: Alarm | L141: Normal | Q141: =IFERROR(Table3335466[[#This Row],[Min Count]]/Table3335466[[#This Row],[Scalar]],"") | R141: =IFERROR(Table3335466[[#This Row],[Max Count]]/Table3335466[[#This Row],[Scalar]],"") | W141: HREG_2004_Low_battery_voltage_warning
A142: 136 | B142: Available | C142: Holding Register | D142: Low battery voltage critical | E142: Boolean | F142: 2004 | G142: 10 | H142: 40136 | J142: On (1) | K142: Alarm | L142: Normal | Q142: =IFERROR(Table3335466[[#This Row],[Min Count]]/Table3335466[[#This Row],[Scalar]],"") | R142: =IFERROR(Table3335466[[#This Row],[Max Count]]/Table3335466[[#This Row],[Scalar]],"") | W142: HREG_2004_Low_battery_voltage_critical
A143: 137 | B143: Available | C143: Holding Register | D143: Low battery voltage deep discharge | E143: Boolean | F143: 2004 | G143: 11 | H143: 40137 | J143: On (1) | K143: Alarm | L143: Normal | Q143: =IFERROR(Table3335466[[#This Row],[Min Count]]/Table3335466[[#This Row],[Scalar]],"") | R143: =IFERROR(Table3335466[[#This Row],[Max Count]]/Table3335466[[#This Row],[Scalar]],"") | W143: HREG_2004_Low_battery_voltage_deep_discharge
A144: 138 | B144: Available | C144: Holding Register | D144: Battery current error | E144: Boolean | F144: 2004 | G144: 16 | H144: 40138 | J144: On (1) | K144: Alarm | L144: Normal | Q144: =IFERROR(Table3335466[[#This Row],[Min Count]]/Table3335466[[#This Row],[Scalar]],"") | R144: =IFERROR(Table3335466[[#This Row],[Max Count]]/Table3335466[[#This Row],[Scalar]],"") | W144: HREG_2004_Battery_current_error
A145: 139 | B145: Available | C145: Holding Register | D145: Excessive battery current warning | E145: Boolean | F145: 2004 | G145: 17 | H145: 40139 | J145: On (1) | K145: Alarm | L145: Normal | Q145: =IFERROR(Table3335466[[#This Row],[Min Count]]/Table3335466[[#This Row],[Scalar]],"") | R145: =IFERROR(Table3335466[[#This Row],[Max Count]]/Table3335466[[#This Row],[Scalar]],"") | W145: HREG_2004_Excessive_battery_current_warning
A146: 140 | B146: Available | C146: Holding Register | D146: Excessive battery current critical | E146: Boolean | F146: 2004 | G146: 18 | H146: 40140 | J146: On (1) | K146: Alarm | L146: Normal | Q146: =IFERROR(Table3335466[[#This Row],[Min Count]]/Table3335466[[#This Row],[Scalar]],"") | R146: =IFERROR(Table3335466[[#This Row],[Max Count]]/Table3335466[[#This Row],[Scalar]],"") | W146: HREG_2004_Excessive_battery_current_critical
A147: 141 | B147: Available | C147: Holding Register | D147: Charging alarms register | E147: 32-bit unsigned int | F147: 2006 | H147: 40141 | J147: On (1) | K147: Alarm | L147: Normal | Q147: =IFERROR(Table3335466[[#This Row],[Min Count]]/Table3335466[[#This Row],[Scalar]],"") | R147: =IFERROR(Table3335466[[#This Row],[Max Count]]/Table3335466[[#This Row],[Scalar]],"") | W147: HREG_2006_Charging_alarms_register
A148: 142 | B148: Available | C148: Holding Register | D148: Input voltage error | E148: Boolean | F148: 2006 | G148: 0 | H148: 40142 | J148: On (1) | K148: Alarm | L148: Normal | Q148: =IFERROR(Table3335466[[#This Row],[Min Count]]/Table3335466[[#This Row],[Scalar]],"") | R148: =IFERROR(Table3335466[[#This Row],[Max Count]]/Table3335466[[#This Row],[Scalar]],"") | W148: HREG_2006_Input_voltage_error
A149: 143 | B149: Available | C149: Holding Register | D149: Rpu enabled | E149: Boolean | F149: 2006 | G149: 1 | H149: 40143 | J149: On (1) | K149: Alarm | L149: Normal | Q149: =IFERROR(Table3335466[[#This Row],[Min Count]]/Table3335466[[#This Row],[Scalar]],"") | R149: =IFERROR(Table3335466[[#This Row],[Max Count]]/Table3335466[[#This Row],[Scalar]],"") | W149: HREG_2006_Rpu_enabled
A150: 144 | B150: Available | C150: Holding Register | D150: Input current error | E150: Boolean | F150: 2006 | G150: 8 | H150: 40144 | J150: On (1) | K150: Alarm | L150: Normal | Q150: =IFERROR(Table3335466[[#This Row],[Min Count]]/Table3335466[[#This Row],[Scalar]],"") | R150: =IFERROR(Table3335466[[#This Row],[Max Count]]/Table3335466[[#This Row],[Scalar]],"") | W150: HREG_2006_Input_current_error
A151: 145 | B151: Available | C151: Holding Register | D151: Excessive input current | E151: Boolean | F151: 2006 | G151: 9 | H151: 40145 | J151: On (1) | K151: Alarm | L151: Normal | Q151: =IFERROR(Table3335466[[#This Row],[Min Count]]/Table3335466[[#This Row],[Scalar]],"") | R151: =IFERROR(Table3335466[[#This Row],[Max Count]]/Table3335466[[#This Row],[Scalar]],"") | W151: HREG_2006_Excessive_input_current
A152: 146 | B152: Available | C152: Holding Register | D152: Load current error | E152: Boolean | F152: 2006 | G152: 16 | H152: 40146 | J152: On (1) | K152: Alarm | L152: Normal | Q152: =IFERROR(Table3335466[[#This Row],[Min Count]]/Table3335466[[#This Row],[Scalar]],"") | R152: =IFERROR(Table3335466[[#This Row],[Max Count]]/Table3335466[[#This Row],[Scalar]],"") | W152: HREG_2006_Load_current_error
A153: 147 | B153: Available | C153: Holding Register | D153: Excessive load current warning | E153: Boolean | F153: 2006 | G153: 17 | H153: 40147 | J153: On (1) | K153: Alarm | L153: Normal | Q153: =IFERROR(Table3335466[[#This Row],[Min Count]]/Table3335466[[#This Row],[Scalar]],"") | R153: =IFERROR(Table3335466[[#This Row],[Max Count]]/Table3335466[[#This Row],[Scalar]],"") | W153: HREG_2006_Excessive_load_current_warning
A154: 148 | B154: Available | C154: Holding Register | D154: Excessive load current | E154: Boolean | F154: 2006 | G154: 18 | H154: 40148 | J154: On (1) | K154: Alarm | L154: Normal | Q154: =IFERROR(Table3335466[[#This Row],[Min Count]]/Table3335466[[#This Row],[Scalar]],"") | R154: =IFERROR(Table3335466[[#This Row],[Max Count]]/Table3335466[[#This Row],[Scalar]],"") | W154: HREG_2006_Excessive_load_current
A155: 149 | B155: Available | C155: Holding Register | D155: GHI 1 alarms register | E155: 32-bit unsigned int | F155: 2018 | H155: 40149 | M155: unitless | N155: 1 | Q155: =IFERROR(Table3335466[[#This Row],[Min Count]]/Table3335466[[#This Row],[Scalar]],"") | R155: =IFERROR(Table3335466[[#This Row],[Max Count]]/Table3335466[[#This Row],[Scalar]],"") | W155: HREG_2018_GHI_1_alarms_register
A156: 150 | B156: Available | C156: Holding Register | D156: GHI 1 irradiance error | E156: Boolean | F156: 2018 | G156: 0 | H156: 40150 | J156: On (1) | K156: Alarm | L156: Normal | Q156: =IFERROR(Table3335466[[#This Row],[Min Count]]/Table3335466[[#This Row],[Scalar]],"") | R156: =IFERROR(Table3335466[[#This Row],[Max Count]]/Table3335466[[#This Row],[Scalar]],"") | W156: HREG_2018_GHI_1_irradiance_error
A157: 151 | B157: Available | C157: Holding Register | D157: GHI 1 irradiance negative | E157: Boolean | F157: 2018 | G157: 1 | H157: 40151 | J157: On (1) | K157: Alarm | L157: Normal | Q157: =IFERROR(Table3335466[[#This Row],[Min Count]]/Table3335466[[#This Row],[Scalar]],"") | R157: =IFERROR(Table3335466[[#This Row],[Max Count]]/Table3335466[[#This Row],[Scalar]],"") | W157: HREG_2018_GHI_1_irradiance_negative
A158: 152 | B158: Available | C158: Holding Register | D158: GHI 1 irradiance above solar constant | E158: Boolean | F158: 2018 | G158: 2 | H158: 40152 | J158: On (1) | K158: Alarm | L158: Normal | Q158: =IFERROR(Table3335466[[#This Row],[Min Count]]/Table3335466[[#This Row],[Scalar]],"") | R158: =IFERROR(Table3335466[[#This Row],[Max Count]]/Table3335466[[#This Row],[Scalar]],"") | W158: HREG_2018_GHI_1_irradiance_above_solar_constant
A159: 153 | B159: Available | C159: Holding Register | D159: GHI 1 temperature corrected irradiance error | E159: Boolean | F159: 2018 | G159: 8 | H159: 40153 | J159: On (1) | K159: Alarm | L159: Normal | Q159: =IFERROR(Table3335466[[#This Row],[Min Count]]/Table3335466[[#This Row],[Scalar]],"") | R159: =IFERROR(Table3335466[[#This Row],[Max Count]]/Table3335466[[#This Row],[Scalar]],"") | W159: HREG_2018_GHI_1_temperature_corrected_irradiance_error
A160: 154 | B160: Available | C160: Holding Register | D160: GHI 1 temperature corrected irradiance negative | E160: Boolean | F160: 2018 | G160: 9 | H160: 40154 | J160: On (1) | K160: Alarm | L160: Normal | Q160: =IFERROR(Table3335466[[#This Row],[Min Count]]/Table3335466[[#This Row],[Scalar]],"") | R160: =IFERROR(Table3335466[[#This Row],[Max Count]]/Table3335466[[#This Row],[Scalar]],"") | W160: HREG_2018_GHI_1_temperature_corrected_irradiance_negative
A161: 155 | B161: Available | C161: Holding Register | D161: GHI 1 temperature corrected irradiance above solar constant | E161: Boolean | F161: 2018 | G161: 10 | H161: 40155 | J161: On (1) | K161: Alarm | L161: Normal | Q161: =IFERROR(Table3335466[[#This Row],[Min Count]]/Table3335466[[#This Row],[Scalar]],"") | R161: =IFERROR(Table3335466[[#This Row],[Max Count]]/Table3335466[[#This Row],[Scalar]],"") | W161: HREG_2018_GHI_1_temperature_corrected_irradiance_above_solar_constant
A162: 156 | B162: Available | C162: Holding Register | D162: GHI 1 case temperature error | E162: Boolean | F162: 2018 | G162: 16 | H162: 40156 | J162: On (1) | K162: Alarm | L162: Normal | Q162: =IFERROR(Table3335466[[#This Row],[Min Count]]/Table3335466[[#This Row],[Scalar]],"") | R162: =IFERROR(Table3335466[[#This Row],[Max Count]]/Table3335466[[#This Row],[Scalar]],"") | W162: HREG_2018_GHI_1_case_temperature_error
A163: 157 | B163: Available | C163: Holding Register | D163: GHI 1 case temperature below operating range | E163: Boolean | F163: 2018 | G163: 17 | H163: 40157 | J163: On (1) | K163: Alarm | L163: Normal | Q163: =IFERROR(Table3335466[[#This Row],[Min Count]]/Table3335466[[#This Row],[Scalar]],"") | R163: =IFERROR(Table3335466[[#This Row],[Max Count]]/Table3335466[[#This Row],[Scalar]],"") | W163: HREG_2018_GHI_1_case_temperature_below_operating_range
A164: 158 | B164: Available | C164: Holding Register | D164: GHI 1 case temperature above operating range | E164: Boolean | F164: 2018 | G164: 18 | H164: 40158 | J164: On (1) | K164: Alarm | L164: Normal | Q164: =IFERROR(Table3335466[[#This Row],[Min Count]]/Table3335466[[#This Row],[Scalar]],"") | R164: =IFERROR(Table3335466[[#This Row],[Max Count]]/Table3335466[[#This Row],[Scalar]],"") | W164: HREG_2018_GHI_1_case_temperature_above_operating_range
A165: 159 | B165: Available | C165: Holding Register | D165: POA alarms register | E165: 32-bit unsigned int | F165: 2020 | H165: 40159 | M165: unitless | N165: 1 | Q165: =IFERROR(Table3335466[[#This Row],[Min Count]]/Table3335466[[#This Row],[Scalar]],"") | R165: =IFERROR(Table3335466[[#This Row],[Max Count]]/Table3335466[[#This Row],[Scalar]],"") | W165: HREG_2020_POA_alarms_register
A166: 160 | B166: Available | C166: Holding Register | D166: POA irradiance error | E166: Boolean | F166: 2020 | G166: 0 | H166: 40160 | J166: On (1) | K166: Alarm | L166: Normal | Q166: =IFERROR(Table3335466[[#This Row],[Min Count]]/Table3335466[[#This Row],[Scalar]],"") | R166: =IFERROR(Table3335466[[#This Row],[Max Count]]/Table3335466[[#This Row],[Scalar]],"") | W166: HREG_2020_POA_irradiance_error
A167: 161 | B167: Available | C167: Holding Register | D167: POA irradiance negative | E167: Boolean | F167: 2020 | G167: 1 | H167: 40161 | J167: On (1) | K167: Alarm | L167: Normal | Q167: =IFERROR(Table3335466[[#This Row],[Min Count]]/Table3335466[[#This Row],[Scalar]],"") | R167: =IFERROR(Table3335466[[#This Row],[Max Count]]/Table3335466[[#This Row],[Scalar]],"") | W167: HREG_2020_POA_irradiance_negative
A168: 162 | B168: Available | C168: Holding Register | D168: POA irradiance above solar constant | E168: Boolean | F168: 2020 | G168: 2 | H168: 40162 | J168: On (1) | K168: Alarm | L168: Normal | Q168: =IFERROR(Table3335466[[#This Row],[Min Count]]/Table3335466[[#This Row],[Scalar]],"") | R168: =IFERROR(Table3335466[[#This Row],[Max Count]]/Table3335466[[#This Row],[Scalar]],"") | W168: HREG_2020_POA_irradiance_above_solar_constant
A169: 163 | B169: Available | C169: Holding Register | D169: POA temperature corrected irradiance error | E169: Boolean | F169: 2020 | G169: 8 | H169: 40163 | J169: On (1) | K169: Alarm | L169: Normal | Q169: =IFERROR(Table3335466[[#This Row],[Min Count]]/Table3335466[[#This Row],[Scalar]],"") | R169: =IFERROR(Table3335466[[#This Row],[Max Count]]/Table3335466[[#This Row],[Scalar]],"") | W169: HREG_2020_POA_temperature_corrected_irradiance_error
A170: 164 | B170: Available | C170: Holding Register | D170: POA temperature corrected irradiance negative | E170: Boolean | F170: 2020 | G170: 9 | H170: 40164 | J170: On (1) | K170: Alarm | L170: Normal | Q170: =IFERROR(Table3335466[[#This Row],[Min Count]]/Table3335466[[#This Row],[Scalar]],"") | R170: =IFERROR(Table3335466[[#This Row],[Max Count]]/Table3335466[[#This Row],[Scalar]],"") | W170: HREG_2020_POA_temperature_corrected_irradiance_negative
A171: 165 | B171: Available | C171: Holding Register | D171: POA temperature corrected irradiance above solar constant | E171: Boolean | F171: 2020 | G171: 10 | H171: 40165 | J171: On (1) | K171: Alarm | L171: Normal | Q171: =IFERROR(Table3335466[[#This Row],[Min Count]]/Table3335466[[#This Row],[Scalar]],"") | R171: =IFERROR(Table3335466[[#This Row],[Max Count]]/Table3335466[[#This Row],[Scalar]],"") | W171: HREG_2020_POA_temperature_corrected_irradiance_above_solar_constant
A172: 166 | B172: Available | C172: Holding Register | D172: POA case temperature error | E172: Boolean | F172: 2020 | G172: 16 | H172: 40166 | J172: On (1) | K172: Alarm | L172: Normal | Q172: =IFERROR(Table3335466[[#This Row],[Min Count]]/Table3335466[[#This Row],[Scalar]],"") | R172: =IFERROR(Table3335466[[#This Row],[Max Count]]/Table3335466[[#This Row],[Scalar]],"") | W172: HREG_2020_POA_case_temperature_error
A173: 167 | B173: Available | C173: Holding Register | D173: POA case temperature below operating range | E173: Boolean | F173: 2020 | G173: 17 | H173: 40167 | J173: On (1) | K173: Alarm | L173: Normal | Q173: =IFERROR(Table3335466[[#This Row],[Min Count]]/Table3335466[[#This Row],[Scalar]],"") | R173: =IFERROR(Table3335466[[#This Row],[Max Count]]/Table3335466[[#This Row],[Scalar]],"") | W173: HREG_2020_POA_case_temperature_below_operating_range
A174: 168 | B174: Available | C174: Holding Register | D174: POA case temperature above operating range | E174: Boolean | F174: 2020 | G174: 18 | H174: 40168 | J174: On (1) | K174: Alarm | L174: Normal | Q174: =IFERROR(Table3335466[[#This Row],[Min Count]]/Table3335466[[#This Row],[Scalar]],"") | R174: =IFERROR(Table3335466[[#This Row],[Max Count]]/Table3335466[[#This Row],[Scalar]],"") | W174: HREG_2020_POA_case_temperature_above_operating_range
A175: 169 | B175: Available | C175: Holding Register | D175: GHI 2 alarms register | E175: 32-bit unsigned int | F175: 2022 | H175: 40169 | M175: unitless | N175: 1 | Q175: =IFERROR(Table3335466[[#This Row],[Min Count]]/Table3335466[[#This Row],[Scalar]],"") | R175: =IFERROR(Table3335466[[#This Row],[Max Count]]/Table3335466[[#This Row],[Scalar]],"") | W175: HREG_2022_GHI_2_alarms_register
A176: 170 | B176: Available | C176: Holding Register | D176: GHI 2 irradiance error | E176: Boolean | F176: 2022 | G176: 0 | H176: 40170 | J176: On (1) | K176: Alarm | L176: Normal | Q176: =IFERROR(Table3335466[[#This Row],[Min Count]]/Table3335466[[#This Row],[Scalar]],"") | R176: =IFERROR(Table3335466[[#This Row],[Max Count]]/Table3335466[[#This Row],[Scalar]],"") | W176: HREG_2022_GHI_2_irradiance_error
A177: 171 | B177: Available | C177: Holding Register | D177: GHI 2 irradiance negative | E177: Boolean | F177: 2022 | G177: 1 | H177: 40171 | J177: On (1) | K177: Alarm | L177: Normal | Q177: =IFERROR(Table3335466[[#This Row],[Min Count]]/Table3335466[[#This Row],[Scalar]],"") | R177: =IFERROR(Table3335466[[#This Row],[Max Count]]/Table3335466[[#This Row],[Scalar]],"") | W177: HREG_2022_GHI_2_irradiance_negative
A178: 172 | B178: Available | C178: Holding Register | D178: GHI 2 irradiance above solar constant | E178: Boolean | F178: 2022 | G178: 2 | H178: 40172 | J178: On (1) | K178: Alarm | L178: Normal | Q178: =IFERROR(Table3335466[[#This Row],[Min Count]]/Table3335466[[#This Row],[Scalar]],"") | R178: =IFERROR(Table3335466[[#This Row],[Max Count]]/Table3335466[[#This Row],[Scalar]],"") | W178: HREG_2022_GHI_2_irradiance_above_solar_constant
A179: 173 | B179: Available | C179: Holding Register | D179: GHI 2 temperature corrected irradiance error | E179: Boolean | F179: 2022 | G179: 8 | H179: 40173 | J179: On (1) | K179: Alarm | L179: Normal | Q179: =IFERROR(Table3335466[[#This Row],[Min Count]]/Table3335466[[#This Row],[Scalar]],"") | R179: =IFERROR(Table3335466[[#This Row],[Max Count]]/Table3335466[[#This Row],[Scalar]],"") | W179: HREG_2022_GHI_2_temperature_corrected_irradiance_error
A180: 174 | B180: Available | C180: Holding Register | D180: GHI 2 temperature corrected irradiance negative | E180: Boolean | F180: 2022 | G180: 9 | H180: 40174 | J180: On (1) | K180: Alarm | L180: Normal | Q180: =IFERROR(Table3335466[[#This Row],[Min Count]]/Table3335466[[#This Row],[Scalar]],"") | R180: =IFERROR(Table3335466[[#This Row],[Max Count]]/Table3335466[[#This Row],[Scalar]],"") | W180: HREG_2022_GHI_2_temperature_corrected_irradiance_negative
A181: 175 | B181: Available | C181: Holding Register | D181: GHI 2 temperature corrected irradiance above solar constant | E181: Boolean | F181: 2022 | G181: 10 | H181: 40175 | J181: On (1) | K181: Alarm | L181: Normal | Q181: =IFERROR(Table3335466[[#This Row],[Min Count]]/Table3335466[[#This Row],[Scalar]],"") | R181: =IFERROR(Table3335466[[#This Row],[Max Count]]/Table3335466[[#This Row],[Scalar]],"") | W181: HREG_2022_GHI_2_temperature_corrected_irradiance_above_solar_constant
A182: 176 | B182: Available | C182: Holding Register | D182: GHI 2 case temperature error | E182: Boolean | F182: 2022 | G182: 16 | H182: 40176 | J182: On (1) | K182: Alarm | L182: Normal | Q182: =IFERROR(Table3335466[[#This Row],[Min Count]]/Table3335466[[#This Row],[Scalar]],"") | R182: =IFERROR(Table3335466[[#This Row],[Max Count]]/Table3335466[[#This Row],[Scalar]],"") | W182: HREG_2022_GHI_2_case_temperature_error
A183: 177 | B183: Available | C183: Holding Register | D183: GHI 2 case temperature below operating range | E183: Boolean | F183: 2022 | G183: 17 | H183: 40177 | J183: On (1) | K183: Alarm | L183: Normal | Q183: =IFERROR(Table3335466[[#This Row],[Min Count]]/Table3335466[[#This Row],[Scalar]],"") | R183: =IFERROR(Table3335466[[#This Row],[Max Count]]/Table3335466[[#This Row],[Scalar]],"") | W183: HREG_2022_GHI_2_case_temperature_below_operating_range
A184: 178 | B184: Available | C184: Holding Register | D184: GHI 2 case temperature above operating range | E184: Boolean | F184: 2022 | G184: 18 | H184: 40178 | J184: On (1) | K184: Alarm | L184: Normal | Q184: =IFERROR(Table3335466[[#This Row],[Min Count]]/Table3335466[[#This Row],[Scalar]],"") | R184: =IFERROR(Table3335466[[#This Row],[Max Count]]/Table3335466[[#This Row],[Scalar]],"") | W184: HREG_2022_GHI_2_case_temperature_above_operating_range
A185: 179 | B185: Available | C185: Holding Register | D185: Multifunction alarms register | E185: 32-bit unsigned int | F185: 2038 | H185: 40179 | M185: unitless | N185: 1 | Q185: =IFERROR(Table3335466[[#This Row],[Min Count]]/Table3335466[[#This Row],[Scalar]],"") | R185: =IFERROR(Table3335466[[#This Row],[Max Count]]/Table3335466[[#This Row],[Scalar]],"") | W185: HREG_2038_Multifunction_alarms_register
A186: 180 | B186: Available | C186: Holding Register | D186: Ambient temperature error | E186: Boolean | F186: 2038 | G186: 0 | H186: 40180 | J186: On (1) | K186: Alarm | L186: Normal | Q186: =IFERROR(Table3335466[[#This Row],[Min Count]]/Table3335466[[#This Row],[Scalar]],"") | R186: =IFERROR(Table3335466[[#This Row],[Max Count]]/Table3335466[[#This Row],[Scalar]],"") | W186: HREG_2038_Ambient_temperature_error
A187: 181 | B187: Available | C187: Holding Register | D187: Ambient temperature below operating range | E187: Boolean | F187: 2038 | G187: 1 | H187: 40181 | J187: On (1) | K187: Alarm | L187: Normal | Q187: =IFERROR(Table3335466[[#This Row],[Min Count]]/Table3335466[[#This Row],[Scalar]],"") | R187: =IFERROR(Table3335466[[#This Row],[Max Count]]/Table3335466[[#This Row],[Scalar]],"") | W187: HREG_2038_Ambient_temperature_below_operating_range
A188: 182 | B188: Available | C188: Holding Register | D188: Ambient temperature above operating range | E188: Boolean | F188: 2038 | G188: 2 | H188: 40182 | J188: On (1) | K188: Alarm | L188: Normal | Q188: =IFERROR(Table3335466[[#This Row],[Min Count]]/Table3335466[[#This Row],[Scalar]],"") | R188: =IFERROR(Table3335466[[#This Row],[Max Count]]/Table3335466[[#This Row],[Scalar]],"") | W188: HREG_2038_Ambient_temperature_above_operating_range
A189: 183 | B189: Available | C189: Holding Register | D189: Dew point error | E189: Boolean | F189: 2038 | G189: 3 | H189: 40183 | J189: On (1) | K189: Alarm | L189: Normal | Q189: =IFERROR(Table3335466[[#This Row],[Min Count]]/Table3335466[[#This Row],[Scalar]],"") | R189: =IFERROR(Table3335466[[#This Row],[Max Count]]/Table3335466[[#This Row],[Scalar]],"") | W189: HREG_2038_Dew_point_error
...

Sheet Soiling to PPC - Eclipse 1.0
A1: ='Data Flows'!A1 -> Site Name | G1: Modbus | K1: Soiling to PPC
A2: Last updated | C2: 45643 | D2: Device Type | E2: Groundwork Eclipse | K2: The scalar is the multiplier to put the actual measurement value on the wire, and the divisor to take the actual measurement value off the wire.
A3: Index digits in name | C3: 4 | D3: Subsystem / Zone | E3: Environmental
A4: Device Register Base | C4: 1
A5: Register Digits | C5: 5
A6: List Index | B6: Availability | C6: Modbus Table | D6: Point Description | E6: Data Type | F6: RTAC Modbus index | G6: Modbus Bit | H6: Modbus Register | I6: Alarm State | J6: On (1) State | K6: Off (0) State | L6: Units | M6: Scalar | N6: Min Count | O6: Max Count | P6: Min Value | Q6: Max Value | R6: Analog Alarm Limits | S6: Alarm Profile | T6: Historian Profile | U6: HMI Category | V6: RTAC Point Name | W6: Enumeration Table | X6: Comments
A7: 1 | B7: Available | C7: Holding Register | D7: Scan count | E7: 32-bit float | F7: 0 | H7: 40001 | L7: s | M7: 1 | N7: 1 | V7: HREG_0000_Scan_count_s
A8: 2 | B8: Available | C8: Holding Register | D8: Skipped scans | E8: 32-bit float | F8: 2 | H8: 40003 | L8: count | M8: 1 | N8: 1 | V8: HREG_0002_Skipped_scans_count
A9: 3 | B9: Available | C9: Holding Register | D9: Logger voltage | E9: 32-bit float | F9: 4 | H9: 40005 | L9: V | M9: 1 | N9: 1 | V9: HREG_0004_Logger_voltage_V
A10: 4 | B10: Available | C10: Holding Register | D10: Logger temp | E10: 32-bit float | F10: 6 | H10: 40007 | L10: DegC | M10: 1 | N10: 1 | V10: HREG_0006_Logger_temp_DegC
A11: 5 | B11: Available | C11: Holding Register | D11: Skipped slow scans | E11: 32-bit float | F11: 8 | H11: 40009 | L11: count | M11: 1 | N11: 1 | V11: HREG_0008_Skipped_slow_scans_count
A12: 6 | B12: Available | C12: Holding Register | D12: Logger lithium | E12: 32-bit float | F12: 10 | H12: 40011 | L12: V | M12: 1 | N12: 1 | V12: HREG_0010_Logger_lithium_V
A13: 7 | B13: Available | C13: Holding Register | D13: Logger low volt 12 | E13: 32-bit float | F13: 12 | H13: 40013 | L13: count | M13: 1 | N13: 1 | V13: HREG_0012_Logger_low_volt_12_count
A14: 8 | B14: Available | C14: Holding Register | D14: Solar zenith | E14: 32-bit float | F14: 16 | H14: 40017 | L14: degrees | M14: 1 | N14: 1 | V14: HREG_0016_Solar_zenith_degrees
A15: 9 | B15: Available | C15: Holding Register | D15: Solar elevation | E15: 32-bit float | F15: 18 | H15: 40019 | L15: degrees | M15: 1 | N15: 1 | V15: HREG_0018_Solar_elevation_degrees
A16: 10 | B16: Available | C16: Holding Register | D16: Solar azimuth | E16: 32-bit float | F16: 20 | H16: 40021 | L16: degrees | M16: 1 | N16: 1 | V16: HREG_0020_Solar_azimuth_degrees
A17: 11 | B17: Available | C17: Holding Register | D17: Logger data map version | E17: 32-bit float | F17: 24 | H17: 40025 | L17: unitless | M17: 1 | N17: 1 | V17: HREG_0024_Logger_data_map_version
A18: 12 | B18: Available | C18: Holding Register | D18: Maint event | E18: 32-bit float | F18: 26 | H18: 40027 | L18: enumeration | M18: 1 | N18: 1 | V18: HREG_0026_Maint_event_enumaration | W18: Soiling Status: 0 - Normal 1 - Maintenance in last 24 hours 2 - Normalization in last 5 minutes
A19: 13 | B19: Available | C19: Holding Register | D19: ISC clean | E19: 32-bit float | F19: 138 | H19: 40139 | L19: A | M19: 1 | N19: 1 | V19: HREG_0138_ISC_clean_A
A20: 14 | B20: Available | C20: Holding Register | D20: ISC soiled | E20: 32-bit float | F20: 140 | H20: 40141 | L20: A | M20: 1 | N20: 1 | V20: HREG_0140_ISC_soiled_A
A21: 15 | B21: Available | C21: Holding Register | D21: Daily soiling loss factor | E21: 32-bit float | F21: 142 | H21: 40143 | L21: PU | M21: 1 | N21: 1 | V21: HREG_0142_Daily_soiling_loss_factor
A22: 16 | B22: Available | C22: Holding Register | D22: Daily soiling ISC ratio | E22: 32-bit float | F22: 144 | H22: 40145 | L22: PU | M22: 1 | N22: 1 | V22: HREG_0144_Daily_soiling_ISC_ratio
A23: 17 | B23: Available | C23: Holding Register | D23: BOM temp clean | E23: 32-bit float | F23: 146 | H23: 40147 | L23: DegC | M23: 1 | N23: 1 | V23: HREG_0146_BOM_temp_clean_DegC
A24: 18 | B24: Available | C24: Holding Register | D24: BOM temp soiled | E24: 32-bit float | F24: 148 | H24: 40149 | L24: DegC | M24: 1 | N24: 1 | V24: HREG_0148_BOM_temp_soiled_DegC
A25: 19 | B25: Available | C25: Holding Register | D25: Soiling loss factor | E25: 32-bit float | F25: 150 | H25: 40151 | L25: PU | M25: 1 | N25: 1 | V25: HREG_0150_Soiling_loss_factor
A26: 20 | B26: Available | C26: Holding Register | D26: Soiling ISC ratio | E26: 32-bit float | F26: 152 | H26: 40153 | L26: PU | M26: 1 | N26: 1 | V26: HREG_0152_Soiling_ISC_ratio
A27: 21 | B27: Available | C27: Holding Register | D27: ISC normalized soiled | E27: 32-bit float | F27: 154 | H27: 40155 | L27: A | M27: 1 | N27: 1 | V27: HREG_0154_ISC_normalized_soiled_A
A28: 22 | B28: Available | C28: Holding Register | D28: G clean | E28: 32-bit float | F28: 156 | H28: 40157 | L28: W/m2 | M28: 1 | N28: 1 | V28: HREG_0156_G_clean_W_per_m2
A29: 23 | B29: Available | C29: Holding Register | D29: G soiled | E29: 32-bit float | F29: 158 | H29: 40159 | L29: W/m2 | M29: 1 | N29: 1 | V29: HREG_0158_G_soiled_W_per_m2
A30: 24 | B30: Available | C30: Holding Register | D30: Soiling status | E30: 32-bit float | F30: 160 | H30: 40161 | L30: enumeration | M30: 1 | N30: 1 | V30: HREG_0160_Soiling_status_enumeration | W30: Soiling Status: 0 - Normal 1 - Maintenance in last 24 hours 2 - Normalization in last 5 minutes
A31: 25 | B31: Available | C31: Holding Register | D31: Voc clean | E31: 32-bit float | F31: 162 | H31: 40163 | L31: V | M31: 1 | N31: 1 | U31: Voc clean | V31: HREG_0162_Voc_clean_V
A32: 26 | B32: Available | C32: Holding Register | D32: Voc soiled | E32: 32-bit float | F32: 164 | H32: 40165 | L32: V | M32: 1 | N32: 1 | U32: Voc soiled | V32: HREG_0164_Voc_soiled_V
A33: 27 | B33: Available | C33: Holding Register | D33: Hourly ISC clean avg | E33: 32-bit float | F33: 288 | H33: 40289 | L33: A | M33: 1 | N33: 1 | V33: HREG_0288_Hourly_ISC_clean_avg_A
A34: 28 | B34: Available | C34: Holding Register | D34: Hourly ISC soiled avg | E34: 32-bit float | F34: 290 | H34: 40291 | L34: A | M34: 1 | N34: 1 | V34: HREG_0290_Hourly_ISC_soiled_avg_A
A35: 29 | B35: Available | C35: Holding Register | D35: Hourly ISC normalized soiled | E35: 32-bit float | F35: 292 | H35: 40293 | L35: A | M35: 1 | N35: 1 | V35: HREG_0292_Hourly_ISC_normalized_soiled_A
A36: 30 | B36: Available | C36: Holding Register | D36: Hourly BOM temp clean avg | E36: 32-bit float | F36: 296 | H36: 40297 | L36: DegC | M36: 1 | N36: 1 | V36: HREG_0296_Hourly_BOM_temp_clean_avg_DegC
A37: 31 | B37: Available | C37: Holding Register | D37: Hourly BOM temp soiled avg | E37: 32-bit float | F37: 298 | H37: 40299 | L37: DegC | M37: 1 | N37: 1 | V37: HREG_0298_Hourly_BOM_temp_soiled_avg_DegC
A38: 32 | B38: Available | C38: Holding Register | D38: Hourly soiling loss factor avg | E38: 32-bit float | F38: 300 | H38: 40301 | L38: PU | M38: 1 | N38: 1 | V38: HREG_0300_Hourly_soiling_loss_factor_avg
A39: 33 | B39: Available | C39: Holding Register | D39: Hourly soiling ISC ratio avg | E39: 32-bit float | F39: 302 | H39: 40303 | L39: PU | M39: 1 | N39: 1 | V39: HREG_0302_Hourly_soiling_ISC_ratio_avg
A40: 34 | B40: Available | C40: Holding Register | D40: Hourly G clean avg | E40: 32-bit float | F40: 304 | H40: 40305 | L40: W/m2 | M40: 1 | N40: 1 | V40: HREG_0304_Hourly_G_clean_avg_W_per_m2
A41: 35 | B41: Available | C41: Holding Register | D41: Hourly G soiled avg | E41: 32-bit float | F41: 306 | H41: 40307 | L41: W/m2 | M41: 1 | N41: 1 | V41: HREG_0306_Hourly_G_soiled_avg_W_per_m2
A42: 36 | B42: Available | C42: Holding Register | D42: Hourly VOC clean avg | E42: 32-bit float | F42: 308 | H42: 40309 | L42: V | M42: 1 | U42: Hourly voc clean avg | V42: HREG_0308_Hourly_VOC_clean_avg_V
A43: 37 | B43: Available | C43: Holding Register | D43: Hourly VOC soiled avg | E43: 32-bit float | F43: 310 | H43: 40311 | L43: V | M43: 1 | U43: Hourly voc soiled avg | V43: HREG_0310_Hourly_VOC_soiled_avg_V
A44: 38 | B44: Available | C44: Holding Register | D44: Logger temp | E44: 32-bit float | F44: 404 | H44: 40405 | L44: DegF | M44: 1 | N44: 1 | V44: HREG_0404_Logger_temp_degF
A45: 39 | B45: Available | C45: Holding Register | D45: BOM temp clean | E45: 32-bit float | F45: 544 | H45: 40545 | L45: DegF | M45: 1 | N45: 1 | V45: HREG_0544_BOM_temp_clean_degF
A46: 40 | B46: Available | C46: Holding Register | D46: BOM temp soiled | E46: 32-bit float | F46: 546 | H46: 40547 | L46: DegF | M46: 1 | N46: 1 | V46: HREG_0546_BOM_temp_soiled_degF
A47: 41 | B47: Available | C47: Holding Register | D47: Daily soiling quality | E47: 32-bit float | F47: 616 | H47: 40617 | L47: % | M47: 1 | N47: 1 | V47: HREG_0616_Daily_soiling_quality_pct
A48: 42 | B48: Available | C48: Holding Register | D48: Daily soiling age | E48: 32-bit float | F48: 618 | H48: 40619 | L48: days | M48: 1 | N48: 1 | V48: HREG_0618_Daily_soiling_age_days

Sheet Soiling to PPC - DustIQ
A1: Hornshadow | G1: Modbus | K1: Soiling to PPC
A2: Last updated | C2: 45643 | D2: Device Type | E2: Groundwork Eclipse | K2: The scalar is the multiplier to put the actual measurement value on the wire, and the divisor to take the actual measurement value off the wire.
A3: Index digits in name | C3: 4 | D3: Subsystem / Zone | E3: Environmental
A4: Device Register Base | C4: 1
A5: Register Digits | C5: 5
A6: List Index | B6: Availability | C6: Modbus Table | D6: Point Description | E6: Data Type | F6: RTAC Modbus index | G6: Modbus Bit | H6: Modbus Register | I6: Alarm State | J6: On (1) State | K6: Off (0) State | L6: Units | M6: Scalar | N6: Min Count | O6: Max Count | P6: Min Value | Q6: Max Value | R6: Analog Alarm Limits | S6: Alarm Profile | T6: Historian Profile | U6: HMI Category | V6: RTAC Point Name | W6: Enumeration Table | X6: Comments
A7: 1 | B7: Available | C7: Input Register | D7: Soiling Ratio Sensor 1 | E7: 16-bit Unsigned Integer | F7: 20 | H7: 30021 | L7: % | M7: 0.1 | N7: 1 | V7: IREG_020_soiling_raio_1 | X7: In steps of 0.1%, 9999 when not valid
A8: 2 | B8: Available | C8: Input Register | D8: Transmission Loss Sensor 1 | E8: 16-bit Signed Integer | F8: 21 | H8: 30022 | L8: % | M8: 0.1 | N8: 1 | V8: IREG_021_transmission_loss_1 | X8: In steps of 0.1%, 9999 when not valid
A9: 3 | B9: Available | C9: Input Register | D9: Soiling Ratio Sensor 2 | E9: 16-bit Unsigned Integer | F9: 24 | H9: 30025 | L9: % | M9: 0.1 | N9: 1 | V9: IREG_024_soiling_ratio_2 | X9: In steps of 0.1%, 9999 when not valid
A10: 4 | B10: Available | C10: Input Register | D10: Transmission Loss Sensor 2 | E10: 16-bit Signed Integer | F10: 25 | H10: 30026 | L10: % | M10: 0.1 | N10: 1 | V10: IREG_025_transmission_loss_2 | X10: In steps of 0.1%, 9999 when not valid
A11: 5 | B11: Available | C11: Input Register | D11: Tilt X Direction ( Long Axis) | E11: 16-bit Signed Integer | F11: 28 | H11: 30029 | L11: Degrees | M11: 0.1 | N11: 1 | V11: IREG_028_tilt_x_deg | X11: In steps of 0.1 degrees
A12: 6 | B12: Available | C12: Input Register | D12: Tilt Y Direction (Short Axis) | E12: 16-bit Signed Integer | F12: 29 | H12: 30030 | L12: Degrees | M12: 0.1 | N12: 1 | V12: IREG_029_tilt_y_deg | X12: In steps of 0.1 degrees
A13: 7 | B13: Available | C13: Input Register | D13: Back Panel Temperature | E13: 16-bit Unsigned Integer | F13: 31 | H13: 30032 | L13: Deg K | M13: 0.1 | N13: 1 | V13: IREG_031_back_panel_temperature_K | X13: In steps 0.1 Kelvin
A14: 8 | B14: Available | C14: Input Register | D14: Device Voltage | E14: 16-bit Unsigned Integer | F14: 32 | H14: 30033 | L14: mV | M14: 1 | N14: 1 | V14: IREG_032_device_voltage_mV | X14: Device voltage at the input connector
A15: 9 | B15: Available | C15: Input Register | D15: Operational Mode | E15: 16-bit Unsigned Integer | F15: 33 | H15: 30034 | L15: degrees | M15: 1 | N15: 1 | V15: IREG_033_operational_mode | W15: Normal = 1, Service = 2, Calibration = 3
A16: 10 | B16: Available | C16: Input Register | D16: Device Status Flags | E16: 16-bit Unsigned Integer | F16: 34 | H16: 30035 | L16: degrees | M16: 1 | N16: 1 | V16: IREG_034_device_status | W16: 0 = Status OK

Sheet Albedometers to PPC
A1: ='Data Flows'!A1 -> Site Name | G1: Modbus | K1: Albedometers to PPC
A2: Last updated | C2: 45643 | D2: Device Type | E2: Groundwork Eclipse | K2: The scalar is the multiplier to put the actual measurement value on the wire, and the divisor to take the actual measurement value off the wire.
A3: Index digits in name | C3: 4 | D3: Subsystem / Zone | E3: Environmental
A4: Device Register Base | C4: 1
A5: Register Digits | C5: 5
A6: List Index | B6: Availability | C6: Modbus Table | D6: Point Description | E6: Data Type | F6: RTAC Modbus index | G6: Modbus Bit | H6: Modbus Register | I6: Alarm State | J6: On (1) State | K6: Off (0) State | L6: Units | M6: Scalar | N6: Min Count | O6: Max Count | P6: Min Value | Q6: Max Value | R6: Analog Alarm Limits | S6: Alarm Profile | T6: Historian Profile | U6: HMI Category | V6: RTAC Point Name | W6: Enumeration Table | X6: Comments
A7: 1 | B7: Available | C7: Holding Register | D7: Scan count | E7: 32-bit float | F7: 0 | H7: 40001 | L7: Sec | M7: 1 | N7: 1 | O7: -3.4028235e+38 | P7: 3.4028235e+38 | Q7: -3.4028235e+38 | V7: HREG_0000_Scan_count_Sec
A8: 2 | B8: Available | C8: Holding Register | D8: Skipped scans | E8: 32-bit float | F8: 2 | H8: 40003 | L8: Count | M8: 1 | N8: 1 | O8: -3.4028235e+38 | P8: 3.4028235e+38 | Q8: -3.4028235e+38 | V8: HREG_0002_Skipped_scans_Count
A9: 3 | B9: Available | C9: Holding Register | D9: Logger voltage | E9: 32-bit float | F9: 4 | H9: 40005 | L9: Volts DC | M9: 1 | N9: 1 | O9: -3.4028235e+38 | P9: 3.4028235e+38 | Q9: -3.4028235e+38 | V9: HREG_0004_Logger_voltage_Volts DC
A10: 4 | B10: Available | C10: Holding Register | D10: Logger temp | E10: 32-bit float | F10: 6 | H10: 40007 | L10: Deg C | M10: 1 | N10: 1 | O10: -3.4028235e+38 | P10: 3.4028235e+38 | Q10: -3.4028235e+38 | V10: HREG_0006_Logger_temp_Deg C
A11: 5 | B11: Available | C11: Holding Register | D11: Skipped slow scans | E11: 32-bit float | F11: 8 | H11: 40009 | L11: Count | M11: 1 | N11: 1 | O11: -3.4028235e+38 | P11: 3.4028235e+38 | Q11: -3.4028235e+38 | V11: HREG_0008_Skipped_slow_scans_Count
A12: 6 | B12: Available | C12: Holding Register | D12: Logger lithium | E12: 32-bit float | F12: 10 | H12: 40011 | L12: Volts DC | M12: 1 | N12: 1 | O12: -3.4028235e+38 | P12: 3.4028235e+38 | Q12: -3.4028235e+38 | V12: HREG_0010_Logger_lithium_Volts DC
A13: 7 | B13: Available | C13: Holding Register | D13: Logger low volt 12 | E13: 32-bit float | F13: 12 | H13: 40013 | L13: Count | M13: 1 | N13: 1 | O13: -3.4028235e+38 | P13: 3.4028235e+38 | Q13: -3.4028235e+38 | V13: HREG_0012_Logger_low_volt_12_Count
A14: 8 | B14: Available | C14: Holding Register | D14: Solar zenith | E14: 32-bit float | F14: 16 | H14: 40017 | L14: Degrees | M14: 1 | N14: 1 | O14: -3.4028235e+38 | P14: 3.4028235e+38 | Q14: -3.4028235e+38 | V14: HREG_0016_Solar_zenith_Degrees | X14: Calculated using lat, lon, elevation, Temp, pressure
A15: 9 | B15: Available | C15: Holding Register | D15: Solar elevation | E15: 32-bit float | F15: 18 | H15: 40019 | L15: Degrees | M15: 1 | N15: 1 | O15: -3.4028235e+38 | P15: 3.4028235e+38 | Q15: -3.4028235e+38 | V15: HREG_0018_Solar_elevation_Degrees | X15: Calculated using lat, lon, elevation, Temp, pressure
A16: 10 | B16: Available | C16: Holding Register | D16: Solar azimuth | E16: 32-bit float | F16: 20 | H16: 40021 | L16: Degrees | M16: 1 | N16: 1 | O16: -3.4028235e+38 | P16: 3.4028235e+38 | Q16: -3.4028235e+38 | V16: HREG_0020_Solar_azimuth_Degrees | X16: Calculated using lat, lon, elevation, Temp, pressure
A17: 11 | B17: Available | C17: Holding Register | D17: Pyranometer heaters on/off | E17: 32-bit float | F17: 22 | H17: 40023 | L17: Enumeration | M17: 1 | N17: 1 | O17: -3.4028235e+38 | P17: 3.4028235e+38 | Q17: -3.4028235e+38 | V17: HREG_0022_Pyranometer_heaters_on_off_Enumeration | X17: 0 = Off, -1 = On. Heat_State on only when vent fan is running
A18: 12 | B18: Available | C18: Holding Register | D18: Logger data map version | E18: 32-bit float | F18: 24 | H18: 40025 | L18: Unitless | M18: 1 | N18: 1 | O18: -3.4028235e+38 | P18: 3.4028235e+38 | Q18: -3.4028235e+38 | V18: HREG_0024_Logger_data_map_version
A19: 13 | B19: Available | C19: Holding Register | D19: Maint event | E19: 32-bit float | F19: 26 | H19: 40027 | J19: Maint ON | K19: Maint OFF | L19: Boolean | M19: 1 | N19: 1 | O19: -3.4028235e+38 | P19: 3.4028235e+38 | Q19: -3.4028235e+38 | V19: HREG_0026_Maint_event_Boolean | X19: 0 = nominal operation, 1 = maintenance button pushed in last five minutes
A20: 14 | B20: Available | C20: Holding Register | D20: Logger AC Power | E20: 32-bit float | F20: 28 | H20: 40029 | J20: Normal | K20: Alarm | L20: Boolean | M20: 1 | N20: 1 | O20: -3.4028235e+38 | P20: 3.4028235e+38 | Q20: -3.4028235e+38 | V20: HREG_0028_Logger_AC_Power_Boolean | X20: 0 = no AC power, 1 = AC power
A21: 15 | B21: Available | C21: Holding Register | D21: Battery Voltage | E21: 32-bit float | F21: 30 | H21: 40031 | L21: Volts DC | M21: 1 | N21: 1 | O21: -3.4028235e+38 | P21: 3.4028235e+38 | Q21: -3.4028235e+38 | V21: HREG_0030_Battery_Voltage_Volts DC
A22: 16 | B22: Available | C22: Holding Register | D22: Battery Current | E22: 32-bit float | F22: 32 | H22: 40033 | L22: Amps | M22: 1 | N22: 1 | O22: -3.4028235e+38 | P22: 3.4028235e+38 | Q22: -3.4028235e+38 | V22: HREG_0032_Battery_Current_Amps | X22: + if battery charging, - if battery discharging
A23: 17 | B23: Available | C23: Holding Register | D23: Load Current | E23: 32-bit float | F23: 34 | H23: 40035 | L23: Amps | M23: 1 | N23: 1 | O23: -3.4028235e+38 | P23: 3.4028235e+38 | Q23: -3.4028235e+38 | V23: HREG_0034_Load_Current_Amps
A24: 18 | B24: Available | C24: Holding Register | D24: Solar Panel Voltage | E24: 32-bit float | F24: 36 | H24: 40037 | L24: Volts DC | M24: 1 | N24: 1 | O24: -3.4028235e+38 | P24: 3.4028235e+38 | Q24: -3.4028235e+38 | V24: HREG_0036_Solar_Panel_Voltage_Volts DC | X24: When both inputs are utilized, the higher voltage power source will be selected
A25: 19 | B25: Available | C25: Holding Register | D25: Charge Source | E25: 32-bit float | F25: 40 | H25: 40041 | L25: Enumeration | M25: 1 | N25: 1 | O25: -3.4028235e+38 | P25: 3.4028235e+38 | Q25: -3.4028235e+38 | V25: HREG_0040_Charge_Source_Enumeration | X25: 0 = none, 1 = solar, 2 = AC/DC power supply
A26: 20 | B26: Available | C26: Holding Register | D26: Battery Status | E26: 32-bit float | F26: 42 | H26: 40043 | J26: Alarm | K26: Normal | L26: Boolean | M26: 1 | N26: 1 | O26: -3.4028235e+38 | P26: 3.4028235e+38 | Q26: -3.4028235e+38 | V26: HREG_0042_Battery_Status_Boolean | X26: 0 = normal, 1 = check battery
A27: 21 | B27: Available | C27: Holding Register | D27: Power Supply Voltage | E27: 32-bit float | F27: 44 | H27: 40045 | L27: Volts DC | M27: 1 | N27: 1 | O27: -3.4028235e+38 | P27: 3.4028235e+38 | Q27: -3.4028235e+38 | V27: HREG_0044_Power_Supply_Voltage_Volts DC | X27: When both inputs are utilized, the higher voltage power source will be selected
A28: 22 | B28: Available | C28: Holding Register | D28: GHI | E28: 32-bit float | F28: 52 | H28: 40053 | L28: W/m² | M28: 1 | N28: 1 | O28: -3.4028235e+38 | P28: 3.4028235e+38 | Q28: -3.4028235e+38 | V28: HREG_0052_GHI_W_per_m² | X28: Warning: not Temp-corrected
A29: 23 | B29: Available | C29: Holding Register | D29: GHI Temp Corr | E29: 32-bit float | F29: 54 | H29: 40055 | L29: W/m² | M29: 1 | N29: 1 | O29: -3.4028235e+38 | P29: 3.4028235e+38 | Q29: -3.4028235e+38 | V29: HREG_0054_GHI_Temp_Corr_W_per_m² | X29: Most accurate irradiance value
A30: 24 | B30: Available | C30: Holding Register | D30: GHI Pyranometer Temp | E30: 32-bit float | F30: 56 | H30: 40057 | L30: Deg C | M30: 1 | N30: 1 | O30: -3.4028235e+38 | P30: 3.4028235e+38 | Q30: -3.4028235e+38 | V30: HREG_0056_GHI_Pyranometer_Temp_Deg C
A31: 25 | B31: Available | C31: Holding Register | D31: GHI Insolation | E31: 32-bit float | F31: 176 | H31: 40177 | L31: Wh/m² | M31: 1 | N31: 1 | O31: -3.4028235e+38 | P31: 3.4028235e+38 | Q31: -3.4028235e+38 | V31: HREG_0176_GHI_Insolation_Wh_per_m² | X31: Previous 3-second scan total; divide by 1000 for kWh/m²
A32: 26 | B32: Available | C32: Holding Register | D32: GHI Humidity | E32: 32-bit float | F32: 362 | H32: 40363 | L32: % | M32: 1 | N32: 1 | O32: -3.4028235e+38 | P32: 3.4028235e+38 | Q32: -3.4028235e+38 | V32: HREG_0362_GHI_Humidity_pct | X32: Used to detect desiccant failure
A33: 27 | B33: Available | C33: Holding Register | D33: Reserved reserved | E33: 32-bit float | F33: 364 | H33: 40365 | L33: Reserved | M33: 1 | N33: 1 | O33: -3.4028235e+38 | P33: 3.4028235e+38 | Q33: -3.4028235e+38 | V33: HREG_0364_Reserved_reserved_Reserved | X33: Reserved
A34: 28 | B34: Available | C34: Holding Register | D34: Pyranometer Single Axis Tilt | E34: 32-bit float | F34: 366 | H34: 40367 | L34: Degrees | M34: 1 | N34: 1 | O34: -3.4028235e+38 | P34: 3.4028235e+38 | Q34: -3.4028235e+38 | V34: HREG_0366_Pyranometer_Single_Axis_Tilt_Degrees | X34: Shows degrees from horizontal
A35: 29 | B35: Available | C35: Holding Register | D35: Pyranometer Fan Speed | E35: 32-bit float | F35: 368 | H35: 40369 | L35: RPM | M35: 1 | N35: 1 | O35: -3.4028235e+38 | P35: 3.4028235e+38 | Q35: -3.4028235e+38 | V35: HREG_0368_Pyranometer_Fan_Speed_RPM
A36: 30 | B36: Available | C36: Holding Register | D36: Pyranometer Heater Current | E36: 32-bit float | F36: 370 | H36: 40371 | L36: mA | M36: 1 | N36: 1 | O36: -3.4028235e+38 | P36: 3.4028235e+38 | Q36: -3.4028235e+38 | V36: HREG_0370_Pyranometer_Heater_Current_mA
A37: 31 | B37: Available | C37: Holding Register | D37: Logger temp | E37: 32-bit float | F37: 404 | H37: 40405 | L37: Deg F | M37: 1 | N37: 1 | O37: -3.4028235e+38 | P37: 3.4028235e+38 | Q37: -3.4028235e+38 | V37: HREG_0404_Logger_temp_Deg F
A38: 32 | B38: Available | C38: Holding Register | D38: Albedometer GHI | E38: 32-bit float | F38: 596 | H38: 40597 | L38: W/m² | M38: 1 | N38: 1 | O38: -3.4028235e+38 | P38: 3.4028235e+38 | Q38: -3.4028235e+38 | V38: HREG_0596_Albedometer_GHI_W_per_m² | X38: Warning: not Temp-corrected.
A39: 33 | B39: Available | C39: Holding Register | D39: Albedometer GHI Temp Corr | E39: 32-bit float | F39: 598 | H39: 40599 | L39: W/m² | M39: 1 | N39: 1 | O39: -3.4028235e+38 | P39: 3.4028235e+38 | Q39: -3.4028235e+38 | V39: HREG_0598_Albedometer_GHI_Temp_Corr_W_per_m² | X39: Most accurate irradiance value.
A40: 34 | B40: Available | C40: Holding Register | D40: Ablendometer GHI Temp | E40: 32-bit float | F40: 600 | H40: 40601 | L40: Deg C | M40: 1 | N40: 1 | O40: -3.4028235e+38 | P40: 3.4028235e+38 | Q40: -3.4028235e+38 | V40: HREG_0600_Ablendometer_GHI_Temp_Deg C
A41: 35 | B41: Available | C41: Holding Register | D41: Albedometer RHI | E41: 32-bit float | F41: 602 | H41: 40603 | L41: W/m² | M41: 1 | N41: 1 | O41: -3.4028235e+38 | P41: 3.4028235e+38 | Q41: -3.4028235e+38 | V41: HREG_0602_Albedometer_RHI_W_per_m² | X41: Warning: not Temp-corrected.
A42: 36 | B42: Available | C42: Holding Register | D42: Albedometer RHI Temp Corr | E42: 32-bit float | F42: 604 | H42: 40605 | L42: W/m² | M42: 1 | N42: 1 | O42: -3.4028235e+38 | P42: 3.4028235e+38 | Q42: -3.4028235e+38 | V42: HREG_0604_Albedometer_RHI_Temp_Corr_W_per_m² | X42: Most accurate irradiance value.
A43: 37 | B43: Available | C43: Holding Register | D43: Abledometer RHI Temp | E43: 32-bit float | F43: 606 | H43: 40607 | L43: Deg C | M43: 1 | N43: 1 | O43: -3.4028235e+38 | P43: 3.4028235e+38 | Q43: -3.4028235e+38 | V43: HREG_0606_Abledometer_RHI_Temp_Deg C
A44: 38 | B44: Available | C44: Holding Register | D44: Albedo | E44: 32-bit float | F44: 608 | H44: 40609 | L44: PU | M44: 1 | N44: 1 | O44: -3.4028235e+38 | P44: 3.4028235e+38 | Q44: -3.4028235e+38 | V44: HREG_0608_Albedo_PU | X44: Calculated value: RHI_1 / GHI_1, See Daily_Albedo for filtered value
A45: 39 | B45: Available | C45: Holding Register | D45: Albedo Temp Corr | E45: 32-bit float | F45: 610 | H45: 40611 | L45: PU | M45: 1 | N45: 1 | O45: -3.4028235e+38 | P45: 3.4028235e+38 | Q45: -3.4028235e+38 | V45: HREG_0610_Albedo_Temp_Corr_PU | X45: Calculated value: RHI_TC_1 / GHI_TC_1, See Daily_Albedo for filtered value
A46: 40 | B46: Available | C46: Holding Register | D46: Daily Avg Albedo | E46: 32-bit float | F46: 612 | H46: 40613 | L46: PU | M46: 1 | N46: 1 | O46: -3.4028235e+38 | P46: 3.4028235e+38 | Q46: -3.4028235e+38 | V46: HREG_0612_Daily_Avg_Albedo_PU | X46: Avg of albedo values, solar noon ±30 minutes
A47: 41 | B47: Available | C47: Holding Register | D47: Daily Avg Albedo Temp Corr | E47: 32-bit float | F47: 614 | H47: 40615 | L47: PU | M47: 1 | N47: 1 | O47: -3.4028235e+38 | P47: 3.4028235e+38 | Q47: -3.4028235e+38 | V47: HREG_0614_Daily_Avg_Albedo_Temp_Corr_PU | X47: Avg of Temp-corrected albedo values, solar noon ±30 minutes
A48: 42 | B48: Available | C48: Holding Register | D48: Hourly Avg Abledometer GHI | E48: 32-bit float | F48: 646 | H48: 40647 | L48: W/m² | M48: 1 | N48: 1 | O48: -3.4028235e+38 | P48: 3.4028235e+38 | Q48: -3.4028235e+38 | V48: HREG_0646_Hourly_Avg_Abledometer_GHI_W_per_m²
A49: 43 | B49: Available | C49: Holding Register | D49: Hourly Avg Abledometer GHI Temp Corr | E49: 32-bit float | F49: 648 | H49: 40649 | L49: W/m² | M49: 1 | N49: 1 | O49: -3.4028235e+38 | P49: 3.4028235e+38 | Q49: -3.4028235e+38 | V49: HREG_0648_Hourly_Avg_Abledometer_GHI_Temp_Corr_W_per_m²
A50: 44 | B50: Available | C50: Holding Register | D50: Hourly Avg Albedometer GHI Temp | E50: 32-bit float | F50: 650 | H50: 40651 | L50: Deg C | M50: 1 | N50: 1 | O50: -3.4028235e+38 | P50: 3.4028235e+38 | Q50: -3.4028235e+38 | V50: HREG_0650_Hourly_Avg_Albedometer_GHI_Temp_Deg C
A51: 45 | B51: Available | C51: Holding Register | D51: Hourly Avg Albedometer RHI | E51: 32-bit float | F51: 652 | H51: 40653 | L51: W/m² | M51: 1 | N51: 1 | O51: -3.4028235e+38 | P51: 3.4028235e+38 | Q51: -3.4028235e+38 | V51: HREG_0652_Hourly_Avg_Albedometer_RHI_W_per_m²
A52: 46 | B52: Available | C52: Holding Register | D52: Hourly Avg Albedometer RHI Temp Corr | E52: 32-bit float | F52: 654 | H52: 40655 | L52: W/m² | M52: 1 | N52: 1 | O52: -3.4028235e+38 | P52: 3.4028235e+38 | Q52: -3.4028235e+38 | V52: HREG_0654_Hourly_Avg_Albedometer_RHI_Temp_Corr_W_per_m²
A53: 47 | B53: Available | C53: Holding Register | D53: Hourly Avg Albedometer RHI Temp | E53: 32-bit float | F53: 656 | H53: 40657 | L53: Deg C | M53: 1 | N53: 1 | O53: -3.4028235e+38 | P53: 3.4028235e+38 | Q53: -3.4028235e+38 | V53: HREG_0656_Hourly_Avg_Albedometer_RHI_Temp_Deg C
A54: 48 | B54: Available | C54: Holding Register | D54: Modeled GHI | E54: 32-bit float | F54: 798 | H54: 40799 | L54: W/m2 | M54: 1 | N54: 1 | O54: -3.4028235e+38 | P54: 3.4028235e+38 | Q54: -3.4028235e+38 | V54: HREG_0798_Modeled_GHI_W_per_m2 | X54: Ineichen Clear Sky Model**
A55: 49 | B55: Available | C55: Holding Register | D55: Modeled DHI | E55: 32-bit float | F55: 800 | H55: 40801 | L55: W/m2 | M55: 1 | N55: 1 | O55: -3.4028235e+38 | P55: 3.4028235e+38 | Q55: -3.4028235e+38 | V55: HREG_0800_Modeled_DHI_W_per_m2 | X55: Ineichen Clear Sky Model**
A56: 50 | B56: Available | C56: Holding Register | D56: Modeled DNI | E56: 32-bit float | F56: 802 | H56: 40803 | L56: W/m2 | M56: 1 | N56: 1 | O56: -3.4028235e+38 | P56: 3.4028235e+38 | Q56: -3.4028235e+38 | V56: HREG_0802_Modeled_DNI_W_per_m2 | X56: Ineichen Clear Sky Model**

Sheet Orbit POA to PPC
A1: Site Name | G1: Modbus | K1: Orbit POA to PPC
A2: Last updated | C2: 45383 | D2: Device Type | E2: Groundwork Orbit POA | K2: The scalar is the multiplier to put the actual measurement value on the wire, and the divisor to take the actual measurement value off the wire.
A3: Index digits in name | C3: 4 | D3: Subsystem / Zone | E3: Environmental
A4: Device Register Base | C4: 1
A5: Register Digits | C5: 5
A6: List Index | B6: Availability | C6: Modbus Table | D6: Point Description | E6: Data Type | F6: RTAC Modbus index | G6: Modbus Bit | H6: Modbus Register | I6: Device Point Name | J6: Alarm State | K6: On (1) State | L6: Off (0) State | M6: Units | N6: Scalar | O6: Min Count | P6: Max Count | Q6: Min Value | R6: Max Value | S6: Analog Alarm Limits | T6: Alarm Profile | U6: Historian Profile | V6: HMI Category | W6: RTAC Point Name | X6: Enumeration Table | Y6: Comments
A7: 1 | B7: Available | C7: Holding Register | D7: Irradiance temperature compensated | E7: 32-bit signed integer | F7: 2 | H7: 40003 | M7: w/m2 | N7: 100 | O7: -2147483648 | P7: 2147483647 | Q7: =IFERROR(Table33354910[[#This Row],[Min Count]]/Table33354910[[#This Row],[Scalar]],"") -> -21474836 | R7: =IFERROR(Table33354910[[#This Row],[Max Count]]/Table33354910[[#This Row],[Scalar]],"") -> 21474836 | W7: HREG_0002_Irradiance_temperature_compensated_w_per_m2
A8: 2 | B8: Available | C8: Holding Register | D8: Irradiance | E8: 32-bit signed integer | F8: 4 | H8: 40005 | M8: w/m2 | N8: 100 | O8: -2147483648 | P8: 2147483647 | Q8: =IFERROR(Table33354910[[#This Row],[Min Count]]/Table33354910[[#This Row],[Scalar]],"") -> -21474836 | R8: =IFERROR(Table33354910[[#This Row],[Max Count]]/Table33354910[[#This Row],[Scalar]],"") -> 21474836 | W8: HREG_0004_Irradiance_w_per_m2
A9: 3 | B9: Available | C9: Holding Register | D9: Case temperature | E9: 16-bit signed integer | F9: 6 | H9: 40007 | M9: DegC | N9: 100 | O9: -32768 | P9: 32767 | Q9: =IFERROR(Table33354910[[#This Row],[Min Count]]/Table33354910[[#This Row],[Scalar]],"") -> -327.68 | R9: =IFERROR(Table33354910[[#This Row],[Max Count]]/Table33354910[[#This Row],[Scalar]],"") -> 327.67 | W9: HREG_0006_Case_temperature_DegC
A10: 4 | B10: Available | C10: Holding Register | D10: Serial number | E10: 16-bit unsigned integer | F10: 40 | H10: 40041 | M10: unitless | N10: 1 | O10: 0 | P10: 65535 | Q10: =IFERROR(Table33354910[[#This Row],[Min Count]]/Table33354910[[#This Row],[Scalar]],"") -> 0 | R10: =IFERROR(Table33354910[[#This Row],[Max Count]]/Table33354910[[#This Row],[Scalar]],"") -> 65535 | W10: HREG_0040_Serial_number
A11: 5 | B11: Available | C11: Holding Register | D11: Calibration sensitivity | E11: 32-bit float | F11: 41 | H11: 40042 | M11: V / w/m2 | N11: 1e-06 | O11: -3.4028235e+38 | P11: 3.4028235e+38 | Q11: =IFERROR(Table33354910[[#This Row],[Min Count]]/Table33354910[[#This Row],[Scalar]],"") -> -3.4028235e+44 | R11: =IFERROR(Table33354910[[#This Row],[Max Count]]/Table33354910[[#This Row],[Scalar]],"") -> 3.4028235e+44 | W11: HREG_0041_Calibration_sensitivity_V _per_ w_per_m2
A12: 6 | B12: Available | C12: Holding Register | D12: Calibration date | E12: 32-bit float | F12: 46 | H12: 40047 | M12: BCD | N12: 1 | O12: -3.4028235e+38 | P12: 3.4028235e+38 | Q12: =IFERROR(Table33354910[[#This Row],[Min Count]]/Table33354910[[#This Row],[Scalar]],"") -> -3.4028235e+38 | R12: =IFERROR(Table33354910[[#This Row],[Max Count]]/Table33354910[[#This Row],[Scalar]],"") -> 3.4028235e+38 | W12: HREG_0046_Calibration_date_BCD | Y12: YYYYMMDD
A13: 7 | B13: Available | C13: Holding Register | D13: Humidity | E13: 16-bit unsigned integer | F13: 98 | H13: 40099 | M13: % | N13: 100 | O13: 0 | P13: 65535 | Q13: =IFERROR(Table33354910[[#This Row],[Min Count]]/Table33354910[[#This Row],[Scalar]],"") -> 0 | R13: =IFERROR(Table33354910[[#This Row],[Max Count]]/Table33354910[[#This Row],[Scalar]],"") -> 655.35 | W13: HREG_0098_Humidity_pct
A14: 8 | B14: Available | C14: Holding Register | D14: Tilt angle | E14: 16-bit unsigned integer | F14: 194 | H14: 40195 | M14: degrees | N14: 100 | O14: 0 | P14: 65535 | Q14: =IFERROR(Table33354910[[#This Row],[Min Count]]/Table33354910[[#This Row],[Scalar]],"") -> 0 | R14: =IFERROR(Table33354910[[#This Row],[Max Count]]/Table33354910[[#This Row],[Scalar]],"") -> 655.35 | W14: HREG_0194_Tilt_angle_degrees
A15: 9 | B15: Available | C15: Holding Register | D15: Fan speed | E15: 16-bit unsigned integer | F15: 196 | H15: 40197 | M15: RPM | N15: 1 | O15: 0 | P15: 65535 | Q15: =IFERROR(Table33354910[[#This Row],[Min Count]]/Table33354910[[#This Row],[Scalar]],"") -> 0 | R15: =IFERROR(Table33354910[[#This Row],[Max Count]]/Table33354910[[#This Row],[Scalar]],"") -> 65535 | W15: HREG_0196_Fan_speed_RPM
A16: 10 | B16: Available | C16: Holding Register | D16: Heater current | E16: 16-bit unsigned integer | F16: 199 | H16: 40200 | M16: A | N16: 0.001 | O16: 0 | P16: 65535 | Q16: =IFERROR(Table33354910[[#This Row],[Min Count]]/Table33354910[[#This Row],[Scalar]],"") -> 0 | R16: =IFERROR(Table33354910[[#This Row],[Max Count]]/Table33354910[[#This Row],[Scalar]],"") -> 65535000 | W16: HREG_0199_Heater_current_A

Sheet PPC to Ignition - SG3600
A1: Earp | G1: DNP3.0 | J1: PPC to Ignition - Inverters
A2: Last updated | C2: 45075 | D2: Device Type | E2: SG3600 | J2: The scalar is the multiplier to put the actual measurement value on the wire, and the divisor to take the actual measurement value off the wire.
A3: Index digits in name | C3: 4 | D3: Subsystem / Zone | E3: Inverters
J4: Replace [n] with PCU number written as 2 digits
A6: List Index | B6: Availability | C6: Object | D6: Point Description | E6: Data Type | F6: DNP index | G6: Bit | H6: Device Point Name | I6: Alarm State | J6: On (1) State | K6: Off (0) State | L6: Units | M6: Scalar | N6: Min Count | O6: Max Count | P6: Min Value | Q6: Max Value | R6: Analog Alarm Limits | S6: Alarm Profile | T6: Historian Profile | U6: HMI Category | V6: RTAC Point Name | W6: Enumeration Table | X6: Comments
A7: 1 | B7: Available | C7: Analog input | D7: Inv [n] status | E7: 32-bit float | F7: 0 | H7: PPC Logic | I7: None | L7: enumeration | M7: 1 | N7: -3.4028235e+38 | O7: 3.4028235e+38 | P7: =IFERROR(Table3335678[[#This Row],[Min Count]]/Table3335678[[#This Row],[Scalar]],"") -> -3.4028235e+38 | Q7: =IFERROR(Table3335678[[#This Row],[Max Count]]/Table3335678[[#This Row],[Scalar]],"") -> 3.4028235e+38 | T7: Change events | U7: KPI | V7: AI_0000_Inv_[n]_status_enumeration | W7: 0 to 4
A8: 2 | B8: Available | C8: Analog input | D8: Inv [n] active power | E8: 32-bit float | F8: 1 | H8: IREG_15099 | I8: Analog | L8: kW | M8: 1 | N8: -3.4028235e+38 | O8: 3.4028235e+38 | P8: =IFERROR(Table3335678[[#This Row],[Min Count]]/Table3335678[[#This Row],[Scalar]],"") -> -3.4028235e+38 | Q8: =IFERROR(Table3335678[[#This Row],[Max Count]]/Table3335678[[#This Row],[Scalar]],"") -> 3.4028235e+38 | R8: n/a,-10,3620,n/a | S8: Out of Band | T8: High resolution | U8: KPI | V8: AI_0001_Inv_[n]_active_power_kW
A9: 3 | B9: Available | C9: Analog input | D9: Inv [n] reactive power | E9: 32-bit float | F9: 2 | H9: IREG_15101 | I9: Analog | L9: kvar | M9: 1 | N9: -3.4028235e+38 | O9: 3.4028235e+38 | P9: =IFERROR(Table3335678[[#This Row],[Min Count]]/Table3335678[[#This Row],[Scalar]],"") -> -3.4028235e+38 | Q9: =IFERROR(Table3335678[[#This Row],[Max Count]]/Table3335678[[#This Row],[Scalar]],"") -> 3.4028235e+38 | R9: n/a,-2180,2180,n/a | S9: Out of Band | T9: High resolution | U9: KPI | V9: AI_0002_Inv_[n]_reactive_power_kvar
A10: 4 | B10: Available | C10: Analog input | D10: Inv [n] phase A current | E10: 32-bit float | F10: 3 | H10: IREG_15096 | I10: None | L10: A | M10: 1 | N10: -3.4028235e+38 | O10: 3.4028235e+38 | P10: =IFERROR(Table3335678[[#This Row],[Min Count]]/Table3335678[[#This Row],[Scalar]],"") -> -3.4028235e+38 | Q10: =IFERROR(Table3335678[[#This Row],[Max Count]]/Table3335678[[#This Row],[Scalar]],"") -> 3.4028235e+38 | T10: High resolution | U10: KPI | V10: AI_0003_Inv_[n]_phase_A_current_A
A11: 5 | B11: Available | C11: Analog input | D11: Inv [n] phase B current | E11: 32-bit float | F11: 4 | H11: IREG_15097 | I11: None | L11: A | M11: 1 | N11: -3.4028235e+38 | O11: 3.4028235e+38 | P11: =IFERROR(Table3335678[[#This Row],[Min Count]]/Table3335678[[#This Row],[Scalar]],"") -> -3.4028235e+38 | Q11: =IFERROR(Table3335678[[#This Row],[Max Count]]/Table3335678[[#This Row],[Scalar]],"") -> 3.4028235e+38 | T11: High resolution | U11: KPI | V11: AI_0004_Inv_[n]_phase_B_current_A
A12: 6 | B12: Available | C12: Analog input | D12: Inv [n] phase C current | E12: 32-bit float | F12: 5 | H12: IREG_15098 | I12: None | L12: A | M12: 1 | N12: -3.4028235e+38 | O12: 3.4028235e+38 | P12: =IFERROR(Table3335678[[#This Row],[Min Count]]/Table3335678[[#This Row],[Scalar]],"") -> -3.4028235e+38 | Q12: =IFERROR(Table3335678[[#This Row],[Max Count]]/Table3335678[[#This Row],[Scalar]],"") -> 3.4028235e+38 | T12: High resolution | U12: KPI | V12: AI_0005_Inv_[n]_phase_C_current_A
A13: 7 | B13: Available | C13: Analog input | D13: Inv [n] phase AB voltage | E13: 32-bit float | F13: 6 | H13: IREG_15093 | I13: None | L13: V | M13: 1 | N13: -3.4028235e+38 | O13: 3.4028235e+38 | P13: =IFERROR(Table3335678[[#This Row],[Min Count]]/Table3335678[[#This Row],[Scalar]],"") -> -3.4028235e+38 | Q13: =IFERROR(Table3335678[[#This Row],[Max Count]]/Table3335678[[#This Row],[Scalar]],"") -> 3.4028235e+38 | T13: High resolution | U13: KPI | V13: AI_0006_Inv_[n]_phase_AB_voltage_V
A14: 8 | B14: Available | C14: Analog input | D14: Inv [n] phase BC voltage | E14: 32-bit float | F14: 7 | H14: IREG_15094 | I14: None | L14: V | M14: 1 | N14: -3.4028235e+38 | O14: 3.4028235e+38 | P14: =IFERROR(Table3335678[[#This Row],[Min Count]]/Table3335678[[#This Row],[Scalar]],"") -> -3.4028235e+38 | Q14: =IFERROR(Table3335678[[#This Row],[Max Count]]/Table3335678[[#This Row],[Scalar]],"") -> 3.4028235e+38 | T14: High resolution | U14: KPI | V14: AI_0007_Inv_[n]_phase_BC_voltage_V
A15: 9 | B15: Available | C15: Analog input | D15: Inv [n] phase CA voltage | E15: 32-bit float | F15: 8 | H15: IREG_15095 | I15: None | L15: V | M15: 1 | N15: -3.4028235e+38 | O15: 3.4028235e+38 | P15: =IFERROR(Table3335678[[#This Row],[Min Count]]/Table3335678[[#This Row],[Scalar]],"") -> -3.4028235e+38 | Q15: =IFERROR(Table3335678[[#This Row],[Max Count]]/Table3335678[[#This Row],[Scalar]],"") -> 3.4028235e+38 | T15: High resolution | U15: KPI | V15: AI_0008_Inv_[n]_phase_CA_voltage_V
A16: 10 | B16: Available | C16: Analog input | D16: Inv [n] power factor | E16: 32-bit float | F16: 9 | H16: IREG_15105 | I16: None | L16: PU | M16: 1 | N16: -3.4028235e+38 | O16: 3.4028235e+38 | P16: =IFERROR(Table3335678[[#This Row],[Min Count]]/Table3335678[[#This Row],[Scalar]],"") -> -3.4028235e+38 | Q16: =IFERROR(Table3335678[[#This Row],[Max Count]]/Table3335678[[#This Row],[Scalar]],"") -> 3.4028235e+38 | T16: High resolution | U16: KPI | V16: AI_0009_Inv_[n]_power_factor_PU
A17: 11 | B17: Available | C17: Analog input | D17: Inv [n] frequency | E17: 32-bit float | F17: 10 | H17: IREG_15106 | I17: None | L17: Hz | M17: 1 | N17: -3.4028235e+38 | O17: 3.4028235e+38 | P17: =IFERROR(Table3335678[[#This Row],[Min Count]]/Table3335678[[#This Row],[Scalar]],"") -> -3.4028235e+38 | Q17: =IFERROR(Table3335678[[#This Row],[Max Count]]/Table3335678[[#This Row],[Scalar]],"") -> 3.4028235e+38 | T17: High resolution | U17: KPI | V17: AI_0010_Inv_[n]_frequency_Hz
A18: 12 | B18: Available | C18: Analog input | D18: Inv [n] active power setpoint | E18: 32-bit float | F18: 11 | H18: PPC Logic | I18: Analog | L18: kW | M18: 1 | N18: -3.4028235e+38 | O18: 3.4028235e+38 | P18: =IFERROR(Table3335678[[#This Row],[Min Count]]/Table3335678[[#This Row],[Scalar]],"") -> -3.4028235e+38 | Q18: =IFERROR(Table3335678[[#This Row],[Max Count]]/Table3335678[[#This Row],[Scalar]],"") -> 3.4028235e+38 | R18: n/a,0,3600,n/a | S18: Out of Band | T18: High resolution | U18: KPI | V18: AI_0011_Inv_[n]_active_power_setpoint_kW
A19: 13 | B19: Available | C19: Analog input | D19: Inv [n] active power setpoint feedback | E19: 32-bit float | F19: 12 | H19: IREG_15108 | I19: Analog | L19: kW | M19: 1 | N19: -3.4028235e+38 | O19: 3.4028235e+38 | P19: =IFERROR(Table3335678[[#This Row],[Min Count]]/Table3335678[[#This Row],[Scalar]],"") -> -3.4028235e+38 | Q19: =IFERROR(Table3335678[[#This Row],[Max Count]]/Table3335678[[#This Row],[Scalar]],"") -> 3.4028235e+38 | R19: AI_0010 +/- 1% | S19: Not at Setpoint | T19: High resolution | U19: KPI | V19: AI_0012_Inv_[n]_active_power_setpoint_feedback_kW
A20: 14 | B20: Available | C20: Analog input | D20: Inv [n] reactive power mode | E20: 32-bit signed integer | F20: 13 | H20: PPC Logic | I20: State change | L20: enumeration | M20: 1 | N20: -2147483648 | O20: 2147483647 | P20: =IFERROR(Table3335678[[#This Row],[Min Count]]/Table3335678[[#This Row],[Scalar]],"") -> -2147483648 | Q20: =IFERROR(Table3335678[[#This Row],[Max Count]]/Table3335678[[#This Row],[Scalar]],"") -> 2147483647 | T20: Change events | U20: KPI | V20: AI_0013_Inv_[n]_reactive_power_mode_enumeration | W20: 0 to 3, 98,99 | X20: Q(U) and Q(P) modes are not used, but are defined
A21: 15 | B21: Available | C21: Analog input | D21: Inv [n] reactive power mode feedback | E21: 32-bit signed integer | F21: 14 | H21: PPC Logic | I21: Analog | L21: enumeration | M21: 1 | N21: -2147483648 | O21: 2147483647 | P21: =IFERROR(Table3335678[[#This Row],[Min Count]]/Table3335678[[#This Row],[Scalar]],"") -> -2147483648 | Q21: =IFERROR(Table3335678[[#This Row],[Max Count]]/Table3335678[[#This Row],[Scalar]],"") -> 2147483647 | R21: AI_0012 +/- 1% | S21: Not at Setpoint | T21: Change events | U21: KPI | V21: AI_0014_Inv_[n]_reactive_power_mode_feedback_enumeration | W21: 0 to 3, 98,99 | X21: Q(U) and Q(P) modes are not used, but are defined
A22: 16 | B22: Available | C22: Analog input | D22: Inv [n] reactive power setpoint | E22: 32-bit float | F22: 15 | H22: PPC Logic | I22: Analog | L22: kvar or PU | M22: 1 | N22: -3.4028235e+38 | O22: 3.4028235e+38 | P22: =IFERROR(Table3335678[[#This Row],[Min Count]]/Table3335678[[#This Row],[Scalar]],"") -> -3.4028235e+38 | Q22: =IFERROR(Table3335678[[#This Row],[Max Count]]/Table3335678[[#This Row],[Scalar]],"") -> 3.4028235e+38 | R22: -2160,-1,1,2160 | S22: 5-State | T22: High resolution | U22: KPI | V22: AI_0015_Inv_[n]_reactive_power_setpoint_kvar or PU
A23: 17 | B23: Available | C23: Analog input | D23: Inv [n] reactive power setpoint feedback | E23: 32-bit float | F23: 16 | H23: IREG_15110 or IREG_15112 | I23: Analog | L23: kvar or PU | M23: 1 | N23: -3.4028235e+38 | O23: 3.4028235e+38 | P23: =IFERROR(Table3335678[[#This Row],[Min Count]]/Table3335678[[#This Row],[Scalar]],"") -> -3.4028235e+38 | Q23: =IFERROR(Table3335678[[#This Row],[Max Count]]/Table3335678[[#This Row],[Scalar]],"") -> 3.4028235e+38 | R23: AI_0014 +/- 1% | S23: Not at Setpoint | T23: High resolution | U23: KPI | V23: AI_0016_Inv_[n]_reactive_power_setpoint_feedback_kvar or PU
A24: 18 | B24: Available | C24: Analog input | D24: Inv [n] total DC power | E24: 32-bit float | F24: 17 | H24: IREG_15091 | I24: None | L24: kW | M24: 1 | N24: -3.4028235e+38 | O24: 3.4028235e+38 | P24: =IFERROR(Table3335678[[#This Row],[Min Count]]/Table3335678[[#This Row],[Scalar]],"") -> -3.4028235e+38 | Q24: =IFERROR(Table3335678[[#This Row],[Max Count]]/Table3335678[[#This Row],[Scalar]],"") -> 3.4028235e+38 | T24: High resolution | U24: KPI | V24: AI_0017_Inv_[n]_total_DC_power_kW
A25: 19 | B25: Available | C25: Analog input | D25: Inv [n] energy production today | E25: 32-bit float | F25: 18 | H25: IREG_15072 | I25: None | L25: kWh | M25: 1 | N25: -3.4028235e+38 | O25: 3.4028235e+38 | P25: =IFERROR(Table3335678[[#This Row],[Min Count]]/Table3335678[[#This Row],[Scalar]],"") -> -3.4028235e+38 | Q25: =IFERROR(Table3335678[[#This Row],[Max Count]]/Table3335678[[#This Row],[Scalar]],"") -> 3.4028235e+38 | T25: Low resolution | U25: KPI | V25: AI_0018_Inv_[n]_energy_production_today_kWh
A26: 20 | B26: Available | C26: Analog input | D26: Inv [n] energy production yesterday | E26: 32-bit float | F26: 19 | H26: PPC Logic | I26: None | L26: kWh | M26: 1 | N26: -3.4028235e+38 | O26: 3.4028235e+38 | P26: =IFERROR(Table3335678[[#This Row],[Min Count]]/Table3335678[[#This Row],[Scalar]],"") -> -3.4028235e+38 | Q26: =IFERROR(Table3335678[[#This Row],[Max Count]]/Table3335678[[#This Row],[Scalar]],"") -> 3.4028235e+38 | T26: Change events | U26: KPI | V26: AI_0019_Inv_[n]_energy_production_yesterday_kWh
A27: 21 | B27: Available | C27: Analog input | D27: Inv [n] total energy production | E27: 32-bit float | F27: 20 | H27: IREG_15076 | I27: None | L27: kWh | M27: 1 | N27: -3.4028235e+38 | O27: 3.4028235e+38 | P27: =IFERROR(Table3335678[[#This Row],[Min Count]]/Table3335678[[#This Row],[Scalar]],"") -> -3.4028235e+38 | Q27: =IFERROR(Table3335678[[#This Row],[Max Count]]/Table3335678[[#This Row],[Scalar]],"") -> 3.4028235e+38 | T27: Low resolution | U27: Diagnostic | V27: AI_0020_Inv_[n]_total_energy_production_kWh
A28: 22 | B28: Available | C28: Analog input | D28: Inv [n] total running hours | E28: 32-bit float | F28: 21 | H28: IREG_15081 | I28: None | L28: hr | M28: 1 | N28: -3.4028235e+38 | O28: 3.4028235e+38 | P28: =IFERROR(Table3335678[[#This Row],[Min Count]]/Table3335678[[#This Row],[Scalar]],"") -> -3.4028235e+38 | Q28: =IFERROR(Table3335678[[#This Row],[Max Count]]/Table3335678[[#This Row],[Scalar]],"") -> 3.4028235e+38 | T28: Low resolution | U28: Diagnostic | V28: AI_0021_Inv_[n]_total_running_hours_hr
A29: 23 | B29: Available | C29: Analog input | D29: Inv [n] transformer oil temperature | E29: 32-bit float | F29: 22 | H29: IREG_15118 | I29: Analog | L29: degC | M29: 1 | N29: -3.4028235e+38 | O29: 3.4028235e+38 | P29: =IFERROR(Table3335678[[#This Row],[Min Count]]/Table3335678[[#This Row],[Scalar]],"") -> -3.4028235e+38 | Q29: =IFERROR(Table3335678[[#This Row],[Max Count]]/Table3335678[[#This Row],[Scalar]],"") -> 3.4028235e+38 | R29: -40,-25,50,60 | S29: 5-State | T29: Low resolution | U29: Secondary Detail | V29: AI_0022_Inv_[n]_transformer_oil_temperature_degC
A30: 24 | B30: Available | C30: Analog input | D30: Inv [n] transformer winding temperature | E30: 32-bit float | F30: 23 | H30: IREG_15119 | I30: Analog | L30: degC | M30: 1 | N30: -3.4028235e+38 | O30: 3.4028235e+38 | P30: =IFERROR(Table3335678[[#This Row],[Min Count]]/Table3335678[[#This Row],[Scalar]],"") -> -3.4028235e+38 | Q30: =IFERROR(Table3335678[[#This Row],[Max Count]]/Table3335678[[#This Row],[Scalar]],"") -> 3.4028235e+38 | R30: -40,-25,50,60 | S30: 5-State | T30: Low resolution | U30: Secondary Detail | V30: AI_0023_Inv_[n]_transformer_winding_temperature_degC
A31: 25 | B31: Available | C31: Analog input | D31: Inv [n] maximum appearant power | E31: 32-bit float | F31: 24 | H31: IREG_15704 | I31: Analog | L31: kVA | M31: 1 | N31: -3.4028235e+38 | O31: 3.4028235e+38 | P31: =IFERROR(Table3335678[[#This Row],[Min Count]]/Table3335678[[#This Row],[Scalar]],"") -> -3.4028235e+38 | Q31: =IFERROR(Table3335678[[#This Row],[Max Count]]/Table3335678[[#This Row],[Scalar]],"") -> 3.4028235e+38 | R31: n/a,3600,3600,n/a | S31: Out of Band | T31: Low resolution | U31: Diagnostic | V31: AI_0024_Inv_[n]_maximum_appearant_power_kVA | X31: Real time derating
A32: 26 | B32: Available | C32: Analog input | D32: Inv [n] maximum lagging reactive power | E32: 32-bit float | F32: 25 | H32: IREG_15706 | I32: None | L32: kvar | M32: 1 | N32: -3.4028235e+38 | O32: 3.4028235e+38 | P32: =IFERROR(Table3335678[[#This Row],[Min Count]]/Table3335678[[#This Row],[Scalar]],"") -> -3.4028235e+38 | Q32: =IFERROR(Table3335678[[#This Row],[Max Count]]/Table3335678[[#This Row],[Scalar]],"") -> 3.4028235e+38 | T32: Low resolution | U32: Diagnostic | V32: AI_0025_Inv_[n]_maximum_lagging_reactive_power_kvar
A33: 27 | B33: Available | C33: Analog input | D33: Inv [n] maximum leading reactive power | E33: 32-bit float | F33: 26 | H33: IREG_15707 | I33: None | L33: kvar | M33: 1 | N33: -3.4028235e+38 | O33: 3.4028235e+38 | P33: =IFERROR(Table3335678[[#This Row],[Min Count]]/Table3335678[[#This Row],[Scalar]],"") -> -3.4028235e+38 | Q33: =IFERROR(Table3335678[[#This Row],[Max Count]]/Table3335678[[#This Row],[Scalar]],"") -> 3.4028235e+38 | T33: Low resolution | U33: Diagnostic | V33: AI_0026_Inv_[n]_maximum_leading_reactive_power_kvar
A34: 28 | B34: Available | C34: Analog input | D34: Inv [n] zone monitor status | E34: 32-bit signed integer | F34: 27 | H34: IREG_15999 | I34: None | L34: enumeration | M34: 1 | N34: -2147483648 | O34: 2147483647 | P34: =IFERROR(Table3335678[[#This Row],[Min Count]]/Table3335678[[#This Row],[Scalar]],"") -> -2147483648 | Q34: =IFERROR(Table3335678[[#This Row],[Max Count]]/Table3335678[[#This Row],[Scalar]],"") -> 2147483647 | T34: Change events | U34: Diagnostic | V34: AI_0027_Inv_[n]_zone_monitor_status_enumeration | W34: 0 to 2
A35: 29 | B35: Available | C35: Analog input | D35: Inv [n] spare analog 01 | E35: 32-bit float | F35: 28 | M35: 1 | N35: -3.4028235e+38 | O35: 3.4028235e+38 | P35: =IFERROR(Table3335678[[#This Row],[Min Count]]/Table3335678[[#This Row],[Scalar]],"") -> -3.4028235e+38 | Q35: =IFERROR(Table3335678[[#This Row],[Max Count]]/Table3335678[[#This Row],[Scalar]],"") -> 3.4028235e+38 | T35: Not historized | U35: Not Shown | V35: AI_0028_Inv_[n]_spare_analog_01
A36: 30 | B36: Available | C36: Analog input | D36: Inv [n] spare analog 02 | E36: 32-bit float | F36: 29 | M36: 1 | N36: -3.4028235e+38 | O36: 3.4028235e+38 | P36: =IFERROR(Table3335678[[#This Row],[Min Count]]/Table3335678[[#This Row],[Scalar]],"") -> -3.4028235e+38 | Q36: =IFERROR(Table3335678[[#This Row],[Max Count]]/Table3335678[[#This Row],[Scalar]],"") -> 3.4028235e+38 | T36: Not historized | U36: Not Shown | V36: AI_0029_Inv_[n]_spare_analog_02
A37: 31 | B37: Available | C37: Analog input | D37: Inv [n] spare analog 03 | E37: 32-bit float | F37: 30 | M37: 1 | N37: -3.4028235e+38 | O37: 3.4028235e+38 | P37: =IFERROR(Table3335678[[#This Row],[Min Count]]/Table3335678[[#This Row],[Scalar]],"") -> -3.4028235e+38 | Q37: =IFERROR(Table3335678[[#This Row],[Max Count]]/Table3335678[[#This Row],[Scalar]],"") -> 3.4028235e+38 | T37: Not historized | U37: Not Shown | V37: AI_0030_Inv_[n]_spare_analog_03
A38: 32 | B38: Available | C38: Analog input | D38: Inv [n] spare analog 04 | E38: 32-bit float | F38: 31 | M38: 1 | N38: -3.4028235e+38 | O38: 3.4028235e+38 | P38: =IFERROR(Table3335678[[#This Row],[Min Count]]/Table3335678[[#This Row],[Scalar]],"") -> -3.4028235e+38 | Q38: =IFERROR(Table3335678[[#This Row],[Max Count]]/Table3335678[[#This Row],[Scalar]],"") -> 3.4028235e+38 | T38: Not historized | U38: Not Shown | V38: AI_0031_Inv_[n]_spare_analog_04
A39: 33 | B39: Available | C39: Analog input | D39: Inv [n] spare analog 05 | E39: 32-bit float | F39: 32 | M39: 1 | N39: -3.4028235e+38 | O39: 3.4028235e+38 | P39: =IFERROR(Table3335678[[#This Row],[Min Count]]/Table3335678[[#This Row],[Scalar]],"") -> -3.4028235e+38 | Q39: =IFERROR(Table3335678[[#This Row],[Max Count]]/Table3335678[[#This Row],[Scalar]],"") -> 3.4028235e+38 | T39: Not historized | U39: Not Shown | V39: AI_0032_Inv_[n]_spare_analog_05
A40: 34 | B40: Available | C40: Analog input | D40: Inv [n] spare analog 06 | E40: 32-bit float | F40: 33 | M40: 1 | N40: -3.4028235e+38 | O40: 3.4028235e+38 | P40: =IFERROR(Table3335678[[#This Row],[Min Count]]/Table3335678[[#This Row],[Scalar]],"") -> -3.4028235e+38 | Q40: =IFERROR(Table3335678[[#This Row],[Max Count]]/Table3335678[[#This Row],[Scalar]],"") -> 3.4028235e+38 | T40: Not historized | U40: Not Shown | V40: AI_0033_Inv_[n]_spare_analog_06
A41: 35 | B41: Available | C41: Analog input | D41: Inv [n] spare analog 07 | E41: 32-bit float | F41: 34 | M41: 1 | N41: -3.4028235e+38 | O41: 3.4028235e+38 | P41: =IFERROR(Table3335678[[#This Row],[Min Count]]/Table3335678[[#This Row],[Scalar]],"") -> -3.4028235e+38 | Q41: =IFERROR(Table3335678[[#This Row],[Max Count]]/Table3335678[[#This Row],[Scalar]],"") -> 3.4028235e+38 | T41: Not historized | U41: Not Shown | V41: AI_0034_Inv_[n]_spare_analog_07
A42: 36 | B42: Available | C42: Analog input | D42: Inv [n] spare analog 08 | E42: 32-bit float | F42: 35 | M42: 1 | N42: -3.4028235e+38 | O42: 3.4028235e+38 | P42: =IFERROR(Table3335678[[#This Row],[Min Count]]/Table3335678[[#This Row],[Scalar]],"") -> -3.4028235e+38 | Q42: =IFERROR(Table3335678[[#This Row],[Max Count]]/Table3335678[[#This Row],[Scalar]],"") -> 3.4028235e+38 | T42: Not historized | U42: Not Shown | V42: AI_0035_Inv_[n]_spare_analog_08
A43: 37 | B43: Available | C43: Analog input | D43: Inv [n] spare analog 09 | E43: 32-bit float | F43: 36 | M43: 1 | N43: -3.4028235e+38 | O43: 3.4028235e+38 | P43: =IFERROR(Table3335678[[#This Row],[Min Count]]/Table3335678[[#This Row],[Scalar]],"") -> -3.4028235e+38 | Q43: =IFERROR(Table3335678[[#This Row],[Max Count]]/Table3335678[[#This Row],[Scalar]],"") -> 3.4028235e+38 | T43: Not historized | U43: Not Shown | V43: AI_0036_Inv_[n]_spare_analog_09
A44: 38 | B44: Available | C44: Analog input | D44: Inv [n] spare analog 10 | E44: 32-bit float | F44: 37 | M44: 1 | N44: -3.4028235e+38 | O44: 3.4028235e+38 | P44: =IFERROR(Table3335678[[#This Row],[Min Count]]/Table3335678[[#This Row],[Scalar]],"") -> -3.4028235e+38 | Q44: =IFERROR(Table3335678[[#This Row],[Max Count]]/Table3335678[[#This Row],[Scalar]],"") -> 3.4028235e+38 | T44: Not historized | U44: Not Shown | V44: AI_0037_Inv_[n]_spare_analog_10
A45: 39 | B45: Available | C45: Analog input | D45: Inv [n] unit 1 status | E45: 32-bit float | F45: 38 | H45: PPC Logic | I45: None | L45: enumeration | M45: 1 | N45: -3.4028235e+38 | O45: 3.4028235e+38 | P45: =IFERROR(Table3335678[[#This Row],[Min Count]]/Table3335678[[#This Row],[Scalar]],"") -> -3.4028235e+38 | Q45: =IFERROR(Table3335678[[#This Row],[Max Count]]/Table3335678[[#This Row],[Scalar]],"") -> 3.4028235e+38 | T45: Change events | U45: Primary Detail | V45: AI_0038_Inv_[n]_unit_1_status_enumeration | W45: 0 to 4
A46: 40 | B46: Available | C46: Analog input | D46: Inv [n] unit 1 active power | E46: 32-bit float | F46: 39 | H46: IREG_15169 | I46: None | L46: kW | M46: 1 | N46: -3.4028235e+38 | O46: 3.4028235e+38 | P46: =IFERROR(Table3335678[[#This Row],[Min Count]]/Table3335678[[#This Row],[Scalar]],"") -> -3.4028235e+38 | Q46: =IFERROR(Table3335678[[#This Row],[Max Count]]/Table3335678[[#This Row],[Scalar]],"") -> 3.4028235e+38 | T46: High resolution | U46: Primary Detail | V46: AI_0039_Inv_[n]_unit_1_active_power_kW
A47: 41 | B47: Available | C47: Analog input | D47: Inv [n] unit 1 reactive power | E47: 32-bit float | F47: 40 | H47: IREG_15171 | I47: None | L47: kvar | M47: 1 | N47: -3.4028235e+38 | O47: 3.4028235e+38 | P47: =IFERROR(Table3335678[[#This Row],[Min Count]]/Table3335678[[#This Row],[Scalar]],"") -> -3.4028235e+38 | Q47: =IFERROR(Table3335678[[#This Row],[Max Count]]/Table3335678[[#This Row],[Scalar]],"") -> 3.4028235e+38 | T47: High resolution | U47: Primary Detail | V47: AI_0040_Inv_[n]_unit_1_reactive_power_kvar
A48: 42 | B48: Available | C48: Analog input | D48: Inv [n] unit 1 phase A current | E48: 32-bit float | F48: 41 | H48: IREG_15166 | I48: None | L48: A | M48: 1 | N48: -3.4028235e+38 | O48: 3.4028235e+38 | P48: =IFERROR(Table3335678[[#This Row],[Min Count]]/Table3335678[[#This Row],[Scalar]],"") -> -3.4028235e+38 | Q48: =IFERROR(Table3335678[[#This Row],[Max Count]]/Table3335678[[#This Row],[Scalar]],"") -> 3.4028235e+38 | T48: High resolution | U48: Primary Detail | V48: AI_0041_Inv_[n]_unit_1_phase_A_current_A
A49: 43 | B49: Available | C49: Analog input | D49: Inv [n] unit 1 phase B current | E49: 32-bit float | F49: 42 | H49: IREG_15167 | I49: None | L49: A | M49: 1 | N49: -3.4028235e+38 | O49: 3.4028235e+38 | P49: =IFERROR(Table3335678[[#This Row],[Min Count]]/Table3335678[[#This Row],[Scalar]],"") -> -3.4028235e+38 | Q49: =IFERROR(Table3335678[[#This Row],[Max Count]]/Table3335678[[#This Row],[Scalar]],"") -> 3.4028235e+38 | T49: High resolution | U49: Primary Detail | V49: AI_0042_Inv_[n]_unit_1_phase_B_current_A | X49: True if any alarm is set for this inverter
A50: 44 | B50: Available | C50: Analog input | D50: Inv [n] unit 1 phase C current | E50: 32-bit float | F50: 43 | H50: IREG_15168 | I50: None | L50: A | M50: 1 | N50: -3.4028235e+38 | O50: 3.4028235e+38 | P50: =IFERROR(Table3335678[[#This Row],[Min Count]]/Table3335678[[#This Row],[Scalar]],"") -> -3.4028235e+38 | Q50: =IFERROR(Table3335678[[#This Row],[Max Count]]/Table3335678[[#This Row],[Scalar]],"") -> 3.4028235e+38 | T50: High resolution | U50: Primary Detail | V50: AI_0043_Inv_[n]_unit_1_phase_C_current_A
A51: 45 | B51: Available | C51: Analog input | D51: Inv [n] unit 1 phase AB voltage | E51: 32-bit float | F51: 44 | H51: IREG_15163 | I51: None | L51: V | M51: 1 | N51: -3.4028235e+38 | O51: 3.4028235e+38 | P51: =IFERROR(Table3335678[[#This Row],[Min Count]]/Table3335678[[#This Row],[Scalar]],"") -> -3.4028235e+38 | Q51: =IFERROR(Table3335678[[#This Row],[Max Count]]/Table3335678[[#This Row],[Scalar]],"") -> 3.4028235e+38 | T51: High resolution | U51: Primary Detail | V51: AI_0044_Inv_[n]_unit_1_phase_AB_voltage_V
A52: 46 | B52: Available | C52: Analog input | D52: Inv [n] unit 1 phase BC voltage | E52: 32-bit float | F52: 45 | H52: IREG_15164 | I52: None | L52: V | M52: 1 | N52: -3.4028235e+38 | O52: 3.4028235e+38 | P52: =IFERROR(Table3335678[[#This Row],[Min Count]]/Table3335678[[#This Row],[Scalar]],"") -> -3.4028235e+38 | Q52: =IFERROR(Table3335678[[#This Row],[Max Count]]/Table3335678[[#This Row],[Scalar]],"") -> 3.4028235e+38 | T52: High resolution | U52: Primary Detail | V52: AI_0045_Inv_[n]_unit_1_phase_BC_voltage_V
A53: 47 | B53: Available | C53: Analog input | D53: Inv [n] unit 1 phase CA voltage | E53: 32-bit float | F53: 46 | H53: IREG_15165 | I53: None | L53: V | M53: 1 | N53: -3.4028235e+38 | O53: 3.4028235e+38 | P53: =IFERROR(Table3335678[[#This Row],[Min Count]]/Table3335678[[#This Row],[Scalar]],"") -> -3.4028235e+38 | Q53: =IFERROR(Table3335678[[#This Row],[Max Count]]/Table3335678[[#This Row],[Scalar]],"") -> 3.4028235e+38 | T53: High resolution | U53: Primary Detail | V53: AI_0046_Inv_[n]_unit_1_phase_CA_voltage_V
A54: 48 | B54: Available | C54: Analog input | D54: Inv [n] unit 1 power factor | E54: 32-bit float | F54: 47 | H54: IREG_15173 | I54: None | L54: PU | M54: 1 | N54: -3.4028235e+38 | O54: 3.4028235e+38 | P54: =IFERROR(Table3335678[[#This Row],[Min Count]]/Table3335678[[#This Row],[Scalar]],"") -> -3.4028235e+38 | Q54: =IFERROR(Table3335678[[#This Row],[Max Count]]/Table3335678[[#This Row],[Scalar]],"") -> 3.4028235e+38 | T54: High resolution | U54: Primary Detail | V54: AI_0047_Inv_[n]_unit_1_power_factor_PU
A55: 49 | B55: Available | C55: Analog input | D55: Inv [n] unit 1 frequency | E55: 32-bit float | F55: 48 | H55: IREG_15174 | I55: None | L55: Hz | M55: 1 | N55: -3.4028235e+38 | O55: 3.4028235e+38 | P55: =IFERROR(Table3335678[[#This Row],[Min Count]]/Table3335678[[#This Row],[Scalar]],"") -> -3.4028235e+38 | Q55: =IFERROR(Table3335678[[#This Row],[Max Count]]/Table3335678[[#This Row],[Scalar]],"") -> 3.4028235e+38 | T55: High resolution | U55: Primary Detail | V55: AI_0048_Inv_[n]_unit_1_frequency_Hz
A56: 50 | B56: Available | C56: Analog input | D56: Inv [n] unit 1 DC power | E56: 32-bit float | F56: 49 | H56: IREG_15161 | I56: None | L56: kW | M56: 1 | N56: -3.4028235e+38 | O56: 3.4028235e+38 | P56: =IFERROR(Table3335678[[#This Row],[Min Count]]/Table3335678[[#This Row],[Scalar]],"") -> -3.4028235e+38 | Q56: =IFERROR(Table3335678[[#This Row],[Max Count]]/Table3335678[[#This Row],[Scalar]],"") -> 3.4028235e+38 | T56: High resolution | U56: Primary Detail | V56: AI_0049_Inv_[n]_unit_1_DC_power_kW
A57: 51 | B57: Available | C57: Analog input | D57: Inv [n] unit 1 total DC current | E57: 32-bit float | F57: 50 | H57: IREG_15160 | I57: None | L57: A | M57: 1 | N57: -3.4028235e+38 | O57: 3.4028235e+38 | P57: =IFERROR(Table3335678[[#This Row],[Min Count]]/Table3335678[[#This Row],[Scalar]],"") -> -3.4028235e+38 | Q57: =IFERROR(Table3335678[[#This Row],[Max Count]]/Table3335678[[#This Row],[Scalar]],"") -> 3.4028235e+38 | T57: High resolution | U57: Primary Detail | V57: AI_0050_Inv_[n]_unit_1_total_DC_current_A
A58: 52 | B58: Available | C58: Analog input | D58: Inv [n] unit 1 DC voltage | E58: 32-bit float | F58: 51 | H58: IREG_15159 | I58: None | L58: V | M58: 1 | N58: -3.4028235e+38 | O58: 3.4028235e+38 | P58: =IFERROR(Table3335678[[#This Row],[Min Count]]/Table3335678[[#This Row],[Scalar]],"") -> -3.4028235e+38 | Q58: =IFERROR(Table3335678[[#This Row],[Max Count]]/Table3335678[[#This Row],[Scalar]],"") -> 3.4028235e+38 | T58: High resolution | U58: Primary Detail | V58: AI_0051_Inv_[n]_unit_1_DC_voltage_V
A59: 53 | B59: Available | C59: Analog input | D59: Inv [n] unit 1 energy production today | E59: 32-bit float | F59: 52 | H59: IREG_15149 | I59: None | L59: kWh | M59: 1 | N59: -3.4028235e+38 | O59: 3.4028235e+38 | P59: =IFERROR(Table3335678[[#This Row],[Min Count]]/Table3335678[[#This Row],[Scalar]],"") -> -3.4028235e+38 | Q59: =IFERROR(Table3335678[[#This Row],[Max Count]]/Table3335678[[#This Row],[Scalar]],"") -> 3.4028235e+38 | T59: Low resolution | U59: Primary Detail | V59: AI_0052_Inv_[n]_unit_1_energy_production_today_kWh
A60: 54 | B60: Available | C60: Analog input | D60: Inv [n] unit 1 energy production yesterday | E60: 32-bit float | F60: 53 | H60: PPC Logic | I60: None | L60: kWh | M60: 1 | N60: -3.4028235e+38 | O60: 3.4028235e+38 | P60: =IFERROR(Table3335678[[#This Row],[Min Count]]/Table3335678[[#This Row],[Scalar]],"") -> -3.4028235e+38 | Q60: =IFERROR(Table3335678[[#This Row],[Max Count]]/Table3335678[[#This Row],[Scalar]],"") -> 3.4028235e+38 | T60: Change events | U60: Primary Detail | V60: AI_0053_Inv_[n]_unit_1_energy_production_yesterday_kWh
A61: 55 | B61: Available | C61: Analog input | D61: Inv [n] unit 1 total energy production | E61: 32-bit float | F61: 54 | H61: IREG_15153 | I61: None | L61: kWh | M61: 1 | N61: -3.4028235e+38 | O61: 3.4028235e+38 | P61: =IFERROR(Table3335678[[#This Row],[Min Count]]/Table3335678[[#This Row],[Scalar]],"") -> -3.4028235e+38 | Q61: =IFERROR(Table3335678[[#This Row],[Max Count]]/Table3335678[[#This Row],[Scalar]],"") -> 3.4028235e+38 | T61: Low resolution | U61: Diagnostic | V61: AI_0054_Inv_[n]_unit_1_total_energy_production_kWh
A62: 56 | B62: Available | C62: Analog input | D62: Inv [n] unit 1 total running hours | E62: 32-bit float | F62: 55 | H62: IREG_15156 | I62: None | L62: hr | M62: 1 | N62: -3.4028235e+38 | O62: 3.4028235e+38 | P62: =IFERROR(Table3335678[[#This Row],[Min Count]]/Table3335678[[#This Row],[Scalar]],"") -> -3.4028235e+38 | Q62: =IFERROR(Table3335678[[#This Row],[Max Count]]/Table3335678[[#This Row],[Scalar]],"") -> 3.4028235e+38 | T62: Low resolution | U62: Diagnostic | V62: AI_0055_Inv_[n]_unit_1_total_running_hours_hr
A63: 57 | B63: Available | C63: Analog input | D63: Inv [n] unit 1 internal module temperature | E63: 32-bit float | F63: 56 | H63: IREG_15158 | I63: Analog | L63: degC | M63: 1 | N63: -3.4028235e+38 | O63: 3.4028235e+38 | P63: =IFERROR(Table3335678[[#This Row],[Min Count]]/Table3335678[[#This Row],[Scalar]],"") -> -3.4028235e+38 | Q63: =IFERROR(Table3335678[[#This Row],[Max Count]]/Table3335678[[#This Row],[Scalar]],"") -> 3.4028235e+38 | R63: -40,-25,50,60 | S63: 5-State | T63: Low resolution | U63: Diagnostic | V63: AI_0056_Inv_[n]_unit_1_internal_module_temperature_degC
A64: 58 | B64: Available | C64: Analog input | D64: Inv [n] unit 1 yesterday grid connected minutes | E64: 32-bit float | F64: 57 | H64: PPC Logic | I64: None | L64: min | M64: 1 | N64: -3.4028235e+38 | O64: 3.4028235e+38 | P64: =IFERROR(Table3335678[[#This Row],[Min Count]]/Table3335678[[#This Row],[Scalar]],"") -> -3.4028235e+38 | Q64: =IFERROR(Table3335678[[#This Row],[Max Count]]/Table3335678[[#This Row],[Scalar]],"") -> 3.4028235e+38 | T64: Change events | U64: Diagnostic | V64: AI_0057_Inv_[n]_unit_1_yesterday_grid_connected_minutes_min
A65: 59 | B65: Available | C65: Analog input | D65: Inv [n] unit 1 efficiency | E65: 32-bit float | F65: 58 | H65: IREG_15175 | I65: None | L65: % | M65: 1 | N65: -3.4028235e+38 | O65: 3.4028235e+38 | P65: =IFERROR(Table3335678[[#This Row],[Min Count]]/Table3335678[[#This Row],[Scalar]],"") -> -3.4028235e+38 | Q65: =IFERROR(Table3335678[[#This Row],[Max Count]]/Table3335678[[#This Row],[Scalar]],"") -> 3.4028235e+38 | T65: Low resolution | U65: Primary Detail | V65: AI_0058_Inv_[n]_unit_1_efficiency_pct
A66: 60 | B66: Available | C66: Analog input | D66: Inv [n] unit 1 positive resitance to ground | E66: 32-bit float | F66: 59 | H66: IREG_15203 | I66: None | L66: kOhm | M66: 1 | N66: -3.4028235e+38 | O66: 3.4028235e+38 | P66: =IFERROR(Table3335678[[#This Row],[Min Count]]/Table3335678[[#This Row],[Scalar]],"") -> -3.4028235e+38 | Q66: =IFERROR(Table3335678[[#This Row],[Max Count]]/Table3335678[[#This Row],[Scalar]],"") -> 3.4028235e+38 | T66: Low resolution | U66: Diagnostic | V66: AI_0059_Inv_[n]_unit_1_positive_resitance_to_ground_kOhm
A67: 61 | B67: Available | C67: Analog input | D67: Inv [n] unit 1 negative resitance to ground | E67: 32-bit float | F67: 60 | H67: IREG_15205 | I67: None | L67: kOhm | M67: 1 | N67: -3.4028235e+38 | O67: 3.4028235e+38 | P67: =IFERROR(Table3335678[[#This Row],[Min Count]]/Table3335678[[#This Row],[Scalar]],"") -> -3.4028235e+38 | Q67: =IFERROR(Table3335678[[#This Row],[Max Count]]/Table3335678[[#This Row],[Scalar]],"") -> 3.4028235e+38 | T67: Low resolution | U67: Diagnostic | V67: AI_0060_Inv_[n]_unit_1_negative_resitance_to_ground_kOhm
A68: 62 | B68: Available | C68: Analog input | D68: Inv [n] unit 1 negative voltage to ground | E68: 32-bit float | F68: 61 | H68: IREG_15211 | I68: None | L68: V | M68: 1 | N68: -3.4028235e+38 | O68: 3.4028235e+38 | P68: =IFERROR(Table3335678[[#This Row],[Min Count]]/Table3335678[[#This Row],[Scalar]],"") -> -3.4028235e+38 | Q68: =IFERROR(Table3335678[[#This Row],[Max Count]]/Table3335678[[#This Row],[Scalar]],"") -> 3.4028235e+38 | T68: Low resolution | U68: Diagnostic | V68: AI_0061_Inv_[n]_unit_1_negative_voltage_to_ground_V
A69: 63 | B69: Available | C69: Analog input | D69: Inv [n] unit 1 DC Input 1 | E69: 32-bit float | F69: 62 | H69: IREG_15029 | I69: None | L69: A | M69: 1 | N69: -3.4028235e+38 | O69: 3.4028235e+38 | P69: =IFERROR(Table3335678[[#This Row],[Min Count]]/Table3335678[[#This Row],[Scalar]],"") -> -3.4028235e+38 | Q69: =IFERROR(Table3335678[[#This Row],[Max Count]]/Table3335678[[#This Row],[Scalar]],"") -> 3.4028235e+38 | T69: High resolution | U69: Analytic | V69: AI_0062_Inv_[n]_unit_1_DC_Input_1_A
A70: 64 | B70: Available | C70: Analog input | D70: Inv [n] unit 1 DC Input 2 | E70: 32-bit float | F70: 63 | H70: IREG_15030 | I70: None | L70: A | M70: 1 | N70: -3.4028235e+38 | O70: 3.4028235e+38 | P70: =IFERROR(Table3335678[[#This Row],[Min Count]]/Table3335678[[#This Row],[Scalar]],"") -> -3.4028235e+38 | Q70: =IFERROR(Table3335678[[#This Row],[Max Count]]/Table3335678[[#This Row],[Scalar]],"") -> 3.4028235e+38 | T70: High resolution | U70: Analytic | V70: AI_0063_Inv_[n]_unit_1_DC_Input_2_A
A71: 65 | B71: Available | C71: Analog input | D71: Inv [n] unit 1 DC Input 3 | E71: 32-bit float | F71: 64 | H71: IREG_15031 | I71: None | L71: A | M71: 1 | N71: -3.4028235e+38 | O71: 3.4028235e+38 | P71: =IFERROR(Table3335678[[#This Row],[Min Count]]/Table3335678[[#This Row],[Scalar]],"") -> -3.4028235e+38 | Q71: =IFERROR(Table3335678[[#This Row],[Max Count]]/Table3335678[[#This Row],[Scalar]],"") -> 3.4028235e+38 | T71: High resolution | U71: Analytic | V71: AI_0064_Inv_[n]_unit_1_DC_Input_3_A
A72: 66 | B72: Available | C72: Analog input | D72: Inv [n] unit 1 DC Input 4 | E72: 32-bit float | F72: 65 | H72: IREG_15032 | I72: None | L72: A | M72: 1 | N72: -3.4028235e+38 | O72: 3.4028235e+38 | P72: =IFERROR(Table3335678[[#This Row],[Min Count]]/Table3335678[[#This Row],[Scalar]],"") -> -3.4028235e+38 | Q72: =IFERROR(Table3335678[[#This Row],[Max Count]]/Table3335678[[#This Row],[Scalar]],"") -> 3.4028235e+38 | T72: High resolution | U72: Analytic | V72: AI_0065_Inv_[n]_unit_1_DC_Input_4_A
A73: 67 | B73: Available | C73: Analog input | D73: Inv [n] unit 1 DC Input 5 | E73: 32-bit float | F73: 66 | H73: IREG_15033 | I73: None | L73: A | M73: 1 | N73: -3.4028235e+38 | O73: 3.4028235e+38 | P73: =IFERROR(Table3335678[[#This Row],[Min Count]]/Table3335678[[#This Row],[Scalar]],"") -> -3.4028235e+38 | Q73: =IFERROR(Table3335678[[#This Row],[Max Count]]/Table3335678[[#This Row],[Scalar]],"") -> 3.4028235e+38 | T73: High resolution | U73: Analytic | V73: AI_0066_Inv_[n]_unit_1_DC_Input_5_A
A74: 68 | B74: Available | C74: Analog input | D74: Inv [n] unit 1 DC Input 6 | E74: 32-bit float | F74: 67 | H74: IREG_15034 | I74: None | L74: A | M74: 1 | N74: -3.4028235e+38 | O74: 3.4028235e+38 | P74: =IFERROR(Table3335678[[#This Row],[Min Count]]/Table3335678[[#This Row],[Scalar]],"") -> -3.4028235e+38 | Q74: =IFERROR(Table3335678[[#This Row],[Max Count]]/Table3335678[[#This Row],[Scalar]],"") -> 3.4028235e+38 | T74: High resolution | U74: Analytic | V74: AI_0067_Inv_[n]_unit_1_DC_Input_6_A
A75: 69 | B75: Available | C75: Analog input | D75: Inv [n] unit 1 DC Input 7 | E75: 32-bit float | F75: 68 | H75: IREG_15035 | I75: None | L75: A | M75: 1 | N75: -3.4028235e+38 | O75: 3.4028235e+38 | P75: =IFERROR(Table3335678[[#This Row],[Min Count]]/Table3335678[[#This Row],[Scalar]],"") -> -3.4028235e+38 | Q75: =IFERROR(Table3335678[[#This Row],[Max Count]]/Table3335678[[#This Row],[Scalar]],"") -> 3.4028235e+38 | T75: High resolution | U75: Analytic | V75: AI_0068_Inv_[n]_unit_1_DC_Input_7_A
... A91: 85 | B91: Available | C91: Analog input | D91: Inv [n] unit 1 reactor cabinet temperature | E91: 32-bit float | F91: 84 | H91: TBD | I91: None | L91: degC | M91: 1 | N91: -3.4028235e+38 | O91: 3.4028235e+38 | P91: =IFERROR(Table3335678[[#This Row],[Min Count]]/Table3335678[[#This Row],[Scalar]],"") -> -3.4028235e+38 | Q91: =IFERROR(Table3335678[[#This Row],[Max Count]]/Table3335678[[#This Row],[Scalar]],"") -> 3.4028235e+38 | T91: Low resolution | U91: Diagnostic | V91: AI_0084_Inv_[n]_unit_1_reactor_cabinet_temperature_degC
A92: 86 | B92: Available | C92: Analog input | D92: Inv [n] unit 1 spare analog 01 | E92: 32-bit float | F92: 85 | M92: 1 | N92: -3.4028235e+38 | O92: 3.4028235e+38 | P92: =IFERROR(Table3335678[[#This Row],[Min Count]]/Table3335678[[#This Row],[Scalar]],"") -> -3.4028235e+38 | Q92: =IFERROR(Table3335678[[#This Row],[Max Count]]/Table3335678[[#This Row],[Scalar]],"") -> 3.4028235e+38 | T92: Not historized | U92: Not Shown | V92: AI_0085_Inv_[n]_unit_1_spare_analog_01
A93: 87 | B93: Available | C93: Analog input | D93: Inv [n] unit 1 spare analog 02 | E93: 32-bit float | F93: 86 | M93: 1 | N93: -3.4028235e+38 | O93: 3.4028235e+38 | P93: =IFERROR(Table3335678[[#This Row],[Min Count]]/Table3335678[[#This Row],[Scalar]],"") -> -3.4028235e+38 | Q93: =IFERROR(Table3335678[[#This Row],[Max Count]]/Table3335678[[#This Row],[Scalar]],"") -> 3.4028235e+38 | T93: Not historized | U93: Not Shown | V93: AI_0086_Inv_[n]_unit_1_spare_analog_02
A94: 88 | B94: Available | C94: Analog input | D94: Inv [n] unit 1 spare analog 03 | E94: 32-bit float | F94: 87 | M94: 1 | N94: -3.4028235e+38 | O94: 3.4028235e+38 | P94: =IFERROR(Table3335678[[#This Row],[Min Count]]/Table3335678[[#This Row],[Scalar]],"") -> -3.4028235e+38 | Q94: =IFERROR(Table3335678[[#This Row],[Max Count]]/Table3335678[[#This Row],[Scalar]],"") -> 3.4028235e+38 | T94: Not historized | U94: Not Shown | V94: AI_0087_Inv_[n]_unit_1_spare_analog_03
A95: 89 | B95: Available | C95: Analog input | D95: Inv [n] unit 1 spare analog 04 | E95: 32-bit float | F95: 88 | M95: 1 | N95: -3.4028235e+38 | O95: 3.4028235e+38 | P95: =IFERROR(Table3335678[[#This Row],[Min Count]]/Table3335678[[#This Row],[Scalar]],"") -> -3.4028235e+38 | Q95: =IFERROR(Table3335678[[#This Row],[Max Count]]/Table3335678[[#This Row],[Scalar]],"") -> 3.4028235e+38 | T95: Not historized | U95: Not Shown | V95: AI_0088_Inv_[n]_unit_1_spare_analog_04
A96: 90 | B96: Available | C96: Analog input | D96: Inv [n] unit 1 spare analog 05 | E96: 32-bit float | F96: 89 | M96: 1 | N96: -3.4028235e+38 | O96: 3.4028235e+38 | P96: =IFERROR(Table3335678[[#This Row],[Min Count]]/Table3335678[[#This Row],[Scalar]],"") -> -3.4028235e+38 | Q96: =IFERROR(Table3335678[[#This Row],[Max Count]]/Table3335678[[#This Row],[Scalar]],"") -> 3.4028235e+38 | T96: Not historized | U96: Not Shown | V96: AI_0089_Inv_[n]_unit_1_spare_analog_05
A97: 91 | B97: Available | C97: Analog input | D97: Inv [n] unit 1 spare analog 06 | E97: 32-bit float | F97: 90 | M97: 1 | N97: -3.4028235e+38 | O97: 3.4028235e+38 | P97: =IFERROR(Table3335678[[#This Row],[Min Count]]/Table3335678[[#This Row],[Scalar]],"") -> -3.4028235e+38 | Q97: =IFERROR(Table3335678[[#This Row],[Max Count]]/Table3335678[[#This Row],[Scalar]],"") -> 3.4028235e+38 | T97: Not historized | U97: Not Shown | V97: AI_0090_Inv_[n]_unit_1_spare_analog_06
A98: 92 | B98: Available | C98: Analog input | D98: Inv [n] unit 1 spare analog 07 | E98: 32-bit float | F98: 91 | M98: 1 | N98: -3.4028235e+38 | O98: 3.4028235e+38 | P98: =IFERROR(Table3335678[[#This Row],[Min Count]]/Table3335678[[#This Row],[Scalar]],"") -> -3.4028235e+38 | Q98: =IFERROR(Table3335678[[#This Row],[Max Count]]/Table3335678[[#This Row],[Scalar]],"") -> 3.4028235e+38 | T98: Not historized | U98: Not Shown | V98: AI_0091_Inv_[n]_unit_1_spare_analog_07
A99: 93 | B99: Available | C99: Analog input | D99: Inv [n] unit 1 spare analog 08 | E99: 32-bit float | F99: 92 | M99: 1 | N99: -3.4028235e+38 | O99: 3.4028235e+38 | P99: =IFERROR(Table3335678[[#This Row],[Min Count]]/Table3335678[[#This Row],[Scalar]],"") -> -3.4028235e+38 | Q99: =IFERROR(Table3335678[[#This Row],[Max Count]]/Table3335678[[#This Row],[Scalar]],"") -> 3.4028235e+38 | T99: Not historized | U99: Not Shown | V99: AI_0092_Inv_[n]_unit_1_spare_analog_08
A100: 94 | B100: Available | C100: Analog input | D100: Inv [n] unit 1 spare analog 09 | E100: 32-bit float | F100: 93 | M100: 1 | N100: -3.4028235e+38 | O100: 3.4028235e+38 | P100: =IFERROR(Table3335678[[#This Row],[Min Count]]/Table3335678[[#This Row],[Scalar]],"") -> -3.4028235e+38 | Q100: =IFERROR(Table3335678[[#This Row],[Max Count]]/Table3335678[[#This Row],[Scalar]],"") -> 3.4028235e+38 | T100: Not historized | U100: Not Shown | V100: AI_0093_Inv_[n]_unit_1_spare_analog_09
A101: 95 | B101: Available | C101: Analog input | D101: Inv [n] unit 1 spare analog 10 | E101: 32-bit float | F101: 94 | M101: 1 | N101: -3.4028235e+38 | O101: 3.4028235e+38 | P101: =IFERROR(Table3335678[[#This Row],[Min Count]]/Table3335678[[#This Row],[Scalar]],"") -> -3.4028235e+38 | Q101: =IFERROR(Table3335678[[#This Row],[Max Count]]/Table3335678[[#This Row],[Scalar]],"") -> 3.4028235e+38 | T101: Not historized | U101: Not Shown | V101: AI_0094_Inv_[n]_unit_1_spare_analog_10
A102: 96 | B102: Available | C102: Analog input | D102: Inv [n] unit 2 status | E102: 32-bit float | F102: 95 | H102: PPC Logic | I102: None | L102: enumeration | M102: 1 | N102: -3.4028235e+38 | O102: 3.4028235e+38 | P102: =IFERROR(Table3335678[[#This Row],[Min Count]]/Table3335678[[#This Row],[Scalar]],"") -> -3.4028235e+38 | Q102: =IFERROR(Table3335678[[#This Row],[Max Count]]/Table3335678[[#This Row],[Scalar]],"") -> 3.4028235e+38 | T102: Change events | U102: Primary Detail | V102: AI_0095_Inv_[n]_unit_2_status_enumeration | W102: 0 to 4
A103: 97 | B103: Available | C103: Analog input | D103: Inv [n] unit 2 active power | E103: 32-bit float | F103: 96 | H103: IREG_15169 | I103: None | L103: kW | M103: 1 | N103: -3.4028235e+38 | O103: 3.4028235e+38 | P103: =IFERROR(Table3335678[[#This Row],[Min Count]]/Table3335678[[#This Row],[Scalar]],"") -> -3.4028235e+38 | Q103: =IFERROR(Table3335678[[#This Row],[Max Count]]/Table3335678[[#This Row],[Scalar]],"") -> 3.4028235e+38 | T103: High resolution | U103: Primary Detail | V103: AI_0096_Inv_[n]_unit_2_active_power_kW
A104: 98 | B104: Available | C104: Analog input | D104: Inv [n] unit 2 reactive power | E104: 32-bit float | F104: 97 | H104: IREG_15171 | I104: None | L104: kvar | M104: 1 | N104: -3.4028235e+38 | O104: 3.4028235e+38 | P104: =IFERROR(Table3335678[[#This Row],[Min Count]]/Table3335678[[#This Row],[Scalar]],"") -> -3.4028235e+38 | Q104: =IFERROR(Table3335678[[#This Row],[Max Count]]/Table3335678[[#This Row],[Scalar]],"") -> 3.4028235e+38 | T104: High resolution | U104: Primary Detail | V104: AI_0097_Inv_[n]_unit_2_reactive_power_kvar
A105: 99 | B105: Available | C105: Analog input | D105: Inv [n] unit 2 phase A current | E105: 32-bit float | F105: 98 | H105: IREG_15166 | I105: None | L105: A | M105: 1 | N105: -3.4028235e+38 | O105: 3.4028235e+38 | P105: =IFERROR(Table3335678[[#This Row],[Min Count]]/Table3335678[[#This Row],[Scalar]],"") -> -3.4028235e+38 | Q105: =IFERROR(Table3335678[[#This Row],[Max Count]]/Table3335678[[#This Row],[Scalar]],"") -> 3.4028235e+38 | T105: High resolution | U105: Primary Detail | V105: AI_0098_Inv_[n]_unit_2_phase_A_current_A
A106: 100 | B106: Available | C106: Analog input | D106: Inv [n] unit 2 phase B current | E106: 32-bit float | F106: 99 | H106: IREG_15167 | I106: None | L106: A | M106: 1 | N106: -3.4028235e+38 | O106: 3.4028235e+38 | P106: =IFERROR(Table3335678[[#This Row],[Min Count]]/Table3335678[[#This Row],[Scalar]],"") -> -3.4028235e+38 | Q106: =IFERROR(Table3335678[[#This Row],[Max Count]]/Table3335678[[#This Row],[Scalar]],"") -> 3.4028235e+38 | T106: High resolution | U106: Primary Detail | V106: AI_0099_Inv_[n]_unit_2_phase_B_current_A
A107: 101 | B107: Available | C107: Analog input | D107: Inv [n] unit 2 phase C current | E107: 32-bit float | F107: 100 | H107: IREG_15168 | I107: None | L107: A | M107: 1 | N107: -3.4028235e+38 | O107: 3.4028235e+38 | P107: =IFERROR(Table3335678[[#This Row],[Min Count]]/Table3335678[[#This Row],[Scalar]],"") -> -3.4028235e+38 | Q107: =IFERROR(Table3335678[[#This Row],[Max Count]]/Table3335678[[#This Row],[Scalar]],"") -> 3.4028235e+38 | T107: High resolution | U107: Primary Detail | V107: AI_0100_Inv_[n]_unit_2_phase_C_current_A
A108: 102 | B108: Available | C108: Analog input | D108: Inv [n] unit 2 phase AB voltage | E108: 32-bit float | F108: 101 | H108: IREG_15163 | I108: None | L108: V | M108: 1 | N108: -3.4028235e+38 | O108: 3.4028235e+38 | P108: =IFERROR(Table3335678[[#This Row],[Min Count]]/Table3335678[[#This Row],[Scalar]],"") -> -3.4028235e+38 | Q108: =IFERROR(Table3335678[[#This Row],[Max Count]]/Table3335678[[#This Row],[Scalar]],"") -> 3.4028235e+38 | T108: High resolution | U108: Primary Detail | V108: AI_0101_Inv_[n]_unit_2_phase_AB_voltage_V
A109: 103 | B109: Available | C109: Analog input | D109: Inv [n] unit 2 phase BC voltage | E109: 32-bit float | F109: 102 | H109: IREG_15164 | I109: None | L109: V | M109: 1 | N109: -3.4028235e+38 | O109: 3.4028235e+38 | P109: =IFERROR(Table3335678[[#This Row],[Min Count]]/Table3335678[[#This Row],[Scalar]],"") -> -3.4028235e+38 | Q109: =IFERROR(Table3335678[[#This Row],[Max Count]]/Table3335678[[#This Row],[Scalar]],"") -> 3.4028235e+38 | T109: High resolution | U109: Primary Detail | V109: AI_0102_Inv_[n]_unit_2_phase_BC_voltage_V
A110: 104 | B110: Available | C110: Analog input | D110: Inv [n] unit 2 phase CA voltage | E110: 32-bit float | F110: 103 | H110: IREG_15165 | I110: None | L110: V | M110: 1 | N110: -3.4028235e+38 | O110: 3.4028235e+38 | P110: =IFERROR(Table3335678[[#This Row],[Min Count]]/Table3335678[[#This Row],[Scalar]],"") -> -3.4028235e+38 | Q110: =IFERROR(Table3335678[[#This Row],[Max Count]]/Table3335678[[#This Row],[Scalar]],"") -> 3.4028235e+38 | T110: High resolution | U110: Primary Detail | V110: AI_0103_Inv_[n]_unit_2_phase_CA_voltage_V
A111: 105 | B111: Available | C111: Analog input | D111: Inv [n] unit 2 power factor | E111: 32-bit float | F111: 104 | H111: IREG_15173 | I111: None | L111: PU | M111: 1 | N111: -3.4028235e+38 | O111: 3.4028235e+38 | P111: =IFERROR(Table3335678[[#This Row],[Min Count]]/Table3335678[[#This Row],[Scalar]],"") -> -3.4028235e+38 | Q111: =IFERROR(Table3335678[[#This Row],[Max Count]]/Table3335678[[#This Row],[Scalar]],"") -> 3.4028235e+38 | T111: High resolution | U111: Primary Detail | V111: AI_0104_Inv_[n]_unit_2_power_factor_PU
A112: 106 | B112: Available | C112: Analog input | D112: Inv [n] unit 2 frequency | E112: 32-bit float | F112: 105 | H112: IREG_15174 | I112: None | L112: Hz | M112: 1 | N112: -3.4028235e+38 | O112: 3.4028235e+38 | P112: =IFERROR(Table3335678[[#This Row],[Min Count]]/Table3335678[[#This Row],[Scalar]],"") -> -3.4028235e+38 | Q112: =IFERROR(Table3335678[[#This Row],[Max Count]]/Table3335678[[#This Row],[Scalar]],"") -> 3.4028235e+38 | T112: High resolution | U112: Primary Detail | V112: AI_0105_Inv_[n]_unit_2_frequency_Hz
A113: 107 | B113: Available | C113: Analog input | D113: Inv [n] unit 2 DC power | E113: 32-bit float | F113: 106 | H113: IREG_15161 | I113: None | L113: kW | M113: 1 | N113: -3.4028235e+38 | O113: 3.4028235e+38 | P113: =IFERROR(Table3335678[[#This Row],[Min Count]]/Table3335678[[#This Row],[Scalar]],"") -> -3.4028235e+38 | Q113: =IFERROR(Table3335678[[#This Row],[Max Count]]/Table3335678[[#This Row],[Scalar]],"") -> 3.4028235e+38 | T113: High resolution | U113: Primary Detail | V113: AI_0106_Inv_[n]_unit_2_DC_power_kW
A114: 108 | B114: Available | C114: Analog input | D114: Inv [n] unit 2 total DC current | E114: 32-bit float | F114: 107 | H114: IREG_15160 | I114: None | L114: A | M114: 1 | N114: -3.4028235e+38 | O114: 3.4028235e+38 | P114: =IFERROR(Table3335678[[#This Row],[Min Count]]/Table3335678[[#This Row],[Scalar]],"") -> -3.4028235e+38 | Q114: =IFERROR(Table3335678[[#This Row],[Max Count]]/Table3335678[[#This Row],[Scalar]],"") -> 3.4028235e+38 | T114: High resolution | U114: Primary Detail | V114: AI_0107_Inv_[n]_unit_2_total_DC_current_A
... A119: 113 | B119: Available | C119: Analog input | D119: Inv [n] unit 2 total running hours | E119: 32-bit float | F119: 112 | H119: IREG_15156 | I119: None | L119: hr | M119: 1 | N119: -3.4028235e+38 | O119: 3.4028235e+38 | P119: =IFERROR(Table3335678[[#This Row],[Min Count]]/Table3335678[[#This Row],[Scalar]],"") -> -3.4028235e+38 | Q119: =IFERROR(Table3335678[[#This Row],[Max Count]]/Table3335678[[#This Row],[Scalar]],"") -> 3.4028235e+38 | T119: Low resolution | U119: Diagnostic | V119: AI_0112_Inv_[n]_unit_2_total_running_hours_hr
A120: 114 | B120: Available | C120: Analog input | D120: Inv [n] unit 2 internal module temperature | E120: 32-bit float | F120: 113 | H120: IREG_15158 | I120: Analog | L120: degC | M120: 1 | N120: -3.4028235e+38 | O120: 3.4028235e+38 | P120: =IFERROR(Table3335678[[#This Row],[Min Count]]/Table3335678[[#This Row],[Scalar]],"") -> -3.4028235e+38 | Q120: =IFERROR(Table3335678[[#This Row],[Max Count]]/Table3335678[[#This Row],[Scalar]],"") -> 3.4028235e+38 | R120: -40,-25,50,60 | S120: 5-State | T120: Low resolution | U120: Diagnostic | V120: AI_0113_Inv_[n]_unit_2_internal_module_temperature_degC
...

Sheet PPC to Ignition - SG4400UD
A1: ='Data Flows'!A1 -> Site Name | G1: DNP3.0 | J1: PPC to Ignition - Inverters
A2: Last updated | C2: 45075 | D2: Device Type | E2: PPC | J2: The scalar is the multiplier to put the actual measurement value on the wire, and the divisor to take the actual measurement value off the wire.
A3: Index digits in name | C3: 4 | D3: Subsystem / Zone | E3: Inverters
J4: Replace [n] with PCU number written as 2 digits
A6: List Index | B6: Availability | C6: Object | D6: Point Description | E6: Data Type | F6: DNP index | G6: Bit | H6: Device Point Name | I6: Alarm State | J6: On (1) State | K6: Off (0) State | L6: Units | M6: Scalar | N6: Min Count | O6: Max Count | P6: Min Value | Q6: Max Value | R6: Analog Alarm Limits | S6: Alarm Profile | T6: Historian Profile | U6: HMI Category | V6: RTAC Point Name | W6: Enumeration Table | X6: Comments | Y6: Ignt TagPath Prefix: [MidcontinentSolar]Inverters/Inv[n|00]/ | Z6: Offset
A7: 1 | B7: Available | C7: Analog input | D7: Inv [n] status | E7: 32-bit float | F7: 0 | H7: PPC Logic | I7: None | L7: enumeration | M7: 1 | N7: -3.4028235e+38 | O7: 3.4028235e+38 | P7: -3.4028235e+38 | Q7: 3.4028235e+38 | T7: Change events | U7: KPI | V7: AI_0000_Inv_[n]_status_enumeration | W7: 0 to 4 | Y7: Status/StatusCode (int) Status/Status_string (string)
A8: 2 | B8: Available | C8: Analog input | D8: Inv [n] active power | E8: 32-bit float | F8: 1 | H8: IREG_15099 | I8: Analog | L8: kW | M8: 1 | N8: -3.4028235e+38 | O8: 3.4028235e+38 | P8: -3.4028235e+38 | Q8: 3.4028235e+38 | R8: n/a,-10,3620,n/a | S8: Out of Band | T8: High resolution | U8: KPI | V8: AI_0001_Inv_[n]_active_power_kW | Y8: Metering/AC/P
A9: 3 | B9: Available | C9: Analog input | D9: Inv [n] reactive power | E9: 32-bit float | F9: 2 | H9: IREG_15101 | I9: Analog | L9: kvar | M9: 1 | N9: -3.4028235e+38 | O9: 3.4028235e+38 | P9: -3.4028235e+38 | Q9: 3.4028235e+38 | R9: n/a,-2180,2180,n/a | S9: Out of Band | T9: High resolution | U9: KPI | V9: AI_0002_Inv_[n]_reactive_power_kvar | Y9: Metering/AC/Q
A10: 4 | B10: Available | C10: Analog input | D10: Inv [n] phase A current | E10: 32-bit float | F10: 3 | H10: IREG_15096 | I10: None | L10: A | M10: 1 | N10: -3.4028235e+38 | O10: 3.4028235e+38 | P10: -3.4028235e+38 | Q10: 3.4028235e+38 | T10: High resolution | U10: KPI | V10: AI_0003_Inv_[n]_phase_A_current_A | Y10: Metering/AC/Ia
A11: 5 | B11: Available | C11: Analog input | D11: Inv [n] phase B current | E11: 32-bit float | F11: 4 | H11: IREG_15097 | I11: None | L11: A | M11: 1 | N11: -3.4028235e+38 | O11: 3.4028235e+38 | P11: -3.4028235e+38 | Q11: 3.4028235e+38 | T11: High resolution | U11: KPI | V11: AI_0004_Inv_[n]_phase_B_current_A | Y11: Metering/AC/Ib
A12: 6 | B12: Available | C12: Analog input | D12: Inv [n] phase C current | E12: 32-bit float | F12: 5 | H12: IREG_15098 | I12: None | L12: A | M12: 1 | N12: -3.4028235e+38 | O12: 3.4028235e+38 | P12: -3.4028235e+38 | Q12: 3.4028235e+38 | T12: High resolution | U12: KPI | V12: AI_0005_Inv_[n]_phase_C_current_A | Y12: Metering/AC/Ic
A13: 7 | B13: Available | C13: Analog input | D13: Inv [n] phase AB voltage | E13: 32-bit float | F13: 6 | H13: IREG_15093 | I13: None | L13: V | M13: 1 | N13: -3.4028235e+38 | O13: 3.4028235e+38 | P13: -3.4028235e+38 | Q13: 3.4028235e+38 | T13: High resolution | U13: KPI | V13: AI_0006_Inv_[n]_phase_AB_voltage_V | Y13: Metering/AC/Vab
A14: 8 | B14: Available | C14: Analog input | D14: Inv [n] phase BC voltage | E14: 32-bit float | F14: 7 | H14: IREG_15094 | I14: None | L14: V | M14: 1 | N14: -3.4028235e+38 | O14: 3.4028235e+38 | P14: -3.4028235e+38 | Q14: 3.4028235e+38 | T14: High resolution | U14: KPI | V14: AI_0007_Inv_[n]_phase_BC_voltage_V | Y14: Metering/AC/Vbc
